"country","year","iso_code","population","electricity_generation","primary_energy_consumption","fossil_share_energy","energy_per_capita","gdp"
"Algeria","1985","DZA","22008542","12.274","262.297","99.316","11917.944","120364208777"
"Algeria","1986","DZA","22745501","12.981","277.491","99.75","12199.799","119145030269"
"Algeria","1987","DZA","23443627","12.722","285.168","99.514","12163.992","118321211437"
"Algeria","1988","DZA","24109538","13.966","305.422","99.834","12668.091","115821713281"
"Algeria","1989","DZA","24754488","15.324","297.068","99.789","12000.583","119762433617"
"Algeria","1990","DZA","25375815","16.104","314.974","99.881","12412.359","117843179781"
"Algeria","1991","DZA","25987937","17.345","312.095","99.739","12009.229","121105141795"
"Algeria","1992","DZA","26628570","18.286","320.227","99.827","12025.688","127982696018"
"Algeria","1993","DZA","27277042","19.414","297.995","99.671","10924.754","130275774703"
"Algeria","1994","DZA","27887277","19.883","301.921","99.847","10826.482","134279859768"
"Algeria","1995","DZA","28470194","19.715","313.145","99.829","10999.042","145054664533"
"Algeria","1996","DZA","29033045","20.654","309.925","99.879","10674.896","156579113896"
"Algeria","1997","DZA","29579299","21.497","297.86","99.93","10069.873","164644463404"
"Algeria","1998","DZA","30054135","23.262","308.349","99.806","10259.786","179962887740"
"Algeria","1999","DZA","30474360","24.757","311.434","99.819","10219.548","193179776879"
"Algeria","2000","DZA","30903894","25.4","299.946","99.95","9705.756","208554150552"
"Algeria","2001","DZA","31331226","26.62","310.813","99.939","9920.229","223420294027"
"Algeria","2002","DZA","31750832","27.65","321.951","99.951","10139.907","245360923720"
"Algeria","2003","DZA","32175813","29.57","336.922","99.786","10471.285","273568638765"
"Algeria","2004","DZA","32628286","31.25","349.778","99.806","10720.079","296773569597"
"Algeria","2005","DZA","33109258","33.91","366.272","99.592","11062.512","326854481030"
"Algeria","2006","DZA","33623505","35.23","379.22","99.847","11278.422","345705309468"
"Algeria","2007","DZA","34189420","37.19","399.64","99.85","11688.989","371665260161"
"Algeria","2008","DZA","34816963","40.23","423.557","99.824","12165.246","395658515586"
"Algeria","2009","DZA","35490442","38.5","448.859","99.8","12647.33","418247711085"
"Algeria","2010","DZA","36188237","45.73","438.995","99.892","12130.873","450705801593"
"Algeria","2011","DZA","36903374","51.22","464.488","99.779","12586.607","482028679734"
"Algeria","2012","DZA","37646165","57.4","507.672","99.789","13485.354","498417638719"
"Algeria","2013","DZA","38414176","59.89","536.977","99.939","13978.61","512373332647"
"Algeria","2014","DZA","39205035","64.27","585.613","99.89","14937.195","531843509827"
"Algeria","2015","DZA","40019528","68.84","617.518","99.909","15430.422","551521739825"
"Argentina","1985","ARG","30336448","45.304","486.092","84.698","16023.38","334171440000"
"Argentina","1986","ARG","30811982","49.022","509.708","85.231","16542.523","358634675000"
"Argentina","1987","ARG","31291764","52.115","532.661","85.018","17022.387","367893625000"
"Argentina","1988","ARG","31780534","52.5","541.383","89.062","17035.045","360921156000"
"Argentina","1989","ARG","32270958","50.863","522.113","90.189","16179.043","338520796000"
"Argentina","1990","ARG","32755907","51.005","513.625","86.305","15680.393","338751144000"
"Argentina","1991","ARG","33230293","53.854","522.459","87.28","15722.361","376057930424"
"Argentina","1992","ARG","33693532","56.107","560.339","86.826","16630.447","416679827242"
"Argentina","1993","ARG","34152719","61.869","578.831","84.698","16948.301","444780261628"
"Argentina","1994","ARG","34613492","65.622","611.176","83.661","17657.168","472926751991"
"Argentina","1995","ARG","35070016","67.169","630.652","85.032","17982.643","461601030169"
"Argentina","1996","ARG","35513795","69.76","659.104","87.189","18559.109","489406483416"
"Argentina","1997","ARG","35947790","72.462","668.982","84.886","18609.811","531526379817"
"Argentina","1998","ARG","36372862","74.17","694.257","86.215","19087.227","554567078807"
"Argentina","1999","ARG","36794687","80.745","705.548","88.579","19175.273","538270560194"
"Argentina","2000","ARG","37213986","88.98","703.635","85.985","18907.803","536480965694"
"Argentina","2001","ARG","37624817","90.14","687.341","82.098","18268.281","514867255248"
"Argentina","2002","ARG","38029345","84.59","658.151","82.217","17306.4","460558541367"
"Argentina","2003","ARG","38424283","92.07","704.758","83.435","18341.469","503104157615"
"Argentina","2004","ARG","38815915","100.26","751.157","85.674","19351.779","550306327169"
"Argentina","2005","ARG","39216786","105.75","796.367","85.629","20306.785","601050418142"
"Argentina","2006","ARG","39622113","113.43","836.059","84.832","21100.816","652296814311"
"Argentina","2007","ARG","40016767","113.52","869.076","87.741","21717.797","714725198062"
"Argentina","2008","ARG","40424151","121.91","879.072","87.894","21746.203","747157417513"
"Argentina","2009","ARG","40854832","122.32","852.154","86.267","20858.098","705920838368"
"Argentina","2010","ARG","41288694","126","882.268","86.765","21368.264","785785170150"
"Argentina","2011","ARG","41730655","129.49","907.376","87.749","21743.625","837742673804"
"Argentina","2012","ARG","42161718","136.02","944.132","88.541","22393.107","829147409948"
"Argentina","2013","ARG","42582453","139.45","1009.449","88.284","23705.746","849088398588"
"Argentina","2014","ARG","43024071","138.54","993.008","88.183","23080.285","827750786191"
"Argentina","2015","ARG","43477011","145.42","1009.992","87.95","23230.486","850356641236"
"Australia","1985","AUS","15835743","123.673","896.293","95.508","56599.375","391229265000"
"Australia","1986","AUS","16069631","129.527","912.411","95.56","56778.605","399344400000"
"Australia","1987","AUS","16322272","135.815","937.538","95.799","57439.195","419094027000"
"Australia","1988","AUS","16594104","143.374","981.314","95.698","59136.32","437912800000"
"Australia","1989","AUS","16869362","151.433","1029.713","95.899","61040.418","457176167000"
"Australia","1990","AUS","17126304","155.654","1051.079","95.863","61372.223","464136588000"
"Australia","1991","AUS","17353191","157.964","1043.94","95.606","60158.379","461302112920"
"Australia","1992","AUS","17549286","161.4","1060.42","95.611","60425.266","478633731062"
"Australia","1993","AUS","17722905","165.383","1084.443","95.593","61188.77","501524767329"
"Australia","1994","AUS","17897433","170.143","1125.552","95.804","62888.992","527993237904"
"Australia","1995","AUS","18095340","175.225","1154.299","95.998","63789.848","549038744439"
"Australia","1996","AUS","18305305","180.127","1188.137","96","64906.695","574765618472"
"Australia","1997","AUS","18504911","188.98","1217.288","96.086","65781.891","601472798853"
"Australia","1998","AUS","18701710","199.471","1246.33","96.187","66642.594","634847053105"
"Australia","1999","AUS","18909980","206.9","1297.347","96.214","68606.484","664520698611"
"Australia","2000","AUS","19132472","216.83","1305.26","96.235","68222.211","692059312020"
"Australia","2001","AUS","19365438","224.26","1315.385","96.345","67924.375","713890072308"
"Australia","2002","AUS","19595356","223.49","1341.745","96.289","68472.609","747065694937"
"Australia","2003","AUS","19819449","225.95","1360.862","96.203","68662.977","774450991263"
"Australia","2004","AUS","20046679","229.23","1404.444","96.171","70058.688","809792445090"
"Australia","2005","AUS","20294490","230.74","1410.35","95.905","69494.242","840092380696"
"Australia","2006","AUS","20590566","237.99","1470.838","95.976","71432.609","866678665246"
"Australia","2007","AUS","20954545","243.19","1506.167","96.214","71877.82","911250727265"
"Australia","2008","AUS","21370595","245.38","1531.745","96.501","71675.375","937889628737"
"Australia","2009","AUS","21783014","249.9","1509.545","96.278","69299.156","963129933389"
"Australia","2010","AUS","22141583","250.97","1508.838","95.912","68144.984","993853968687"
"Australia","2011","AUS","22479779","256.28","1558.602","94.608","69333.531","1024000293343"
"Australia","2012","AUS","22852648","250.66","1536.113","94.6","67218.164","1062662906305"
"Australia","2013","AUS","23236271","249.56","1555.586","93.827","66946.461","1086068056518"
"Australia","2014","AUS","23595599","247.65","1566.458","94.337","66387.727","1113888062929"
"Australia","2015","AUS","23947997","253.99","1601.626","94.045","66879.32","1139303344945"
"Austria","1985","AUT","7564310","43.742","315.806","71.494","41749.422","177760570016"
"Austria","1986","AUT","7569397","43.977","316.435","71.086","41804.465","181932973945"
"Austria","1987","AUT","7574314","49.688","334.019","69.131","44098.918","184993439227"
"Austria","1988","AUT","7585346","48.149","329.132","68.6","43390.504","190845951984"
"Austria","1989","AUT","7620405","49.155","330.973","68.916","43432.5","198919354981"
"Austria","1990","AUT","7679627","49.27","333.824","72.236","43468.785","207979127656"
"Austria","1991","AUT","7757140","50.16","349.4","73.472","45042.395","215992683383"
"Austria","1992","AUT","7842715","49.89","344.792","70.172","43963.363","221400873854"
"Austria","1993","AUT","7907492","51.31","352.443","69.282","44570.805","223462931302"
"Austria","1994","AUT","7938157","51.95","349.408","69.972","44016.273","229749328956"
"Austria","1995","AUT","7950322","55.05","367.661","69.86","46244.852","236824462430"
"Austria","1996","AUT","7960917","53.45","375.696","72.926","47192.613","243480734505"
"Austria","1997","AUT","7969804","55.59","380.569","71.736","47751.309","249847313444"
"Austria","1998","AUT","7978465","55.82","389.247","71.468","48787.238","259776337669"
"Austria","1999","AUT","7993894","59.72","392.804","69.332","49137.969","270186173474"
"Austria","2000","AUT","8012929","59.64","395.171","68.732","49316.637","280410163017"
"Austria","2001","AUT","8042233","60.98","406.593","70.589","50557.285","285335695766"
"Austria","2002","AUT","8081640","60.63","406.828","71.077","50339.801","291231427735"
"Austria","2003","AUT","8122604","57.97","407.704","75.879","50193.703","294489280951"
"Austria","2004","AUT","8173496","61.85","422.457","73.881","51686.262","303692479841"
"Austria","2005","AUT","8229204","64.37","431.35","73.683","52416.992","311441138652"
"Austria","2006","AUT","8269901","62.21","425.865","73.01","51495.746","323236897651"
"Austria","2007","AUT","8296948","62.83","420.066","70.906","50628.93","336303973991"
"Austria","2008","AUT","8323250","64.38","424.56","70.423","51008.945","342892519161"
"Austria","2009","AUT","8345073","66.21","409.772","67.452","49103.516","331119036991"
"Austria","2010","AUT","8365087","67.82","421.558","69.887","50394.973","338832243101"
"Austria","2011","AUT","8393272","62.2","395.869","70.842","47165.023","349713455451"
"Austria","2012","AUT","8431599","68.65","414.402","65.502","49148.723","352093108730"
"Austria","2013","AUT","8481411","64.55","410.852","65.976","48441.508","352182904722"
"Austria","2014","AUT","8547812","61.55","394.889","64.983","46197.699","354511819035"
"Austria","2015","AUT","8644037","61.78","396.383","66.948","45856.262","358108266932"
"Azerbaijan","1985","AZE","6799823","20.702","234.951","98.447","34552.445","57181877446"
"Azerbaijan","1986","AZE","6891349","21.542","252.834","99.116","36688.668","58704586851"
"Azerbaijan","1987","AZE","6977658","22.909","245.023","99.088","35115.332","61831432355"
"Azerbaijan","1988","AZE","7081404","23.572","245.204","99.209","34626.512","65070242359"
"Azerbaijan","1989","AZE","7167583","23.3","250.052","99.224","34886.496","59803709283"
"Azerbaijan","1990","AZE","7231084","23.152","260.551","98.23","36032.113","53235601363"
"Azerbaijan","1991","AZE","7314317","23.449","250.351","98.046","34227.562","53426621017"
"Azerbaijan","1992","AZE","7405781","19.763","214.394","97.733","28949.521","41795295334"
"Azerbaijan","1993","AZE","7504119","19.051","185.98","96.368","24783.752","32486438953"
"Azerbaijan","1994","AZE","7608894","17.571","170.865","97.019","22455.918","26372096369"
"Azerbaijan","1995","AZE","7719283","17.044","160.648","97.305","20811.258","23188276303"
"Azerbaijan","1996","AZE","7830981","17.085","131.741","96.752","16823.014","24026379639"
"Azerbaijan","1997","AZE","7936220","16.836","126.155","96.221","15896.062","26436933201"
"Azerbaijan","1998","AZE","8025808","17.995","126.645","95.709","15779.74","28328460213"
"Azerbaijan","1999","AZE","8100472","18.176","126.353","96.682","15598.277","31898574736"
"Azerbaijan","2000","AZE","8174784","18.68","132.055","96.767","16153.973","34255707098"
"Azerbaijan","2001","AZE","8251776","18.96","127.227","97.17","15418.192","36862177017"
"Azerbaijan","2002","AZE","8326141","18.68","125.609","95.581","15086.057","40295217200"
"Azerbaijan","2003","AZE","8400528","21.26","136.035","95.037","16193.649","44994637993"
"Azerbaijan","2004","AZE","8489874","21.72","153.898","95.134","18127.234","50107477354"
"Azerbaijan","2005","AZE","8597248","22.84","166.837","95.136","19405.906","64019175136"
"Azerbaijan","2006","AZE","8711380","24.51","164.092","95.886","18836.461","87026407066"
"Azerbaijan","2007","AZE","8828313","21.82","151.071","95.827","17112.117","109944254894"
"Azerbaijan","2008","AZE","8942637","21.62","151.163","96.094","16903.684","123130002462"
"Azerbaijan","2009","AZE","9046336","18.85","130.168","95.327","14389.062","136020226283"
"Azerbaijan","2010","AZE","9146852","18.67","128.439","92.979","14041.92","144296577620"
"Azerbaijan","2011","AZE","9256156","20.27","145.739","95.229","15745.113","145980469968"
"Azerbaijan","2012","AZE","9376179","22.97","150.091","96.867","16007.676","149196415149"
"Azerbaijan","2013","AZE","9504417","23.25","154.212","97.388","16225.271","157913964589"
"Azerbaijan","2014","AZE","9631136","24.63","157.241","97.712","16326.349","162332395164"
"Azerbaijan","2015","AZE","9752859","24.57","171.826","97.404","17618.029","164036906588"
"Bangladesh","1985","BGD","100253825","4.528","48.274","95.736","481.519","91717608984"
"Bangladesh","1986","BGD","102635569","4.8","52.537","97.617","511.875","95757516250"
"Bangladesh","1987","BGD","104959291","5.587","57.985","97.519","552.448","99663037500"
"Bangladesh","1988","BGD","107216011","6.541","64.576","97.091","602.302","102457452156"
"Bangladesh","1989","BGD","109433805","7.115","69.614","96.32","636.131","105141756890"
"Bangladesh","1990","BGD","111633722","7.732","73.856","96.668","661.596","112105268328"
"Bangladesh","1991","BGD","113787112","8.27","71.255","96.726","626.21","117331560870"
"Bangladesh","1992","BGD","115952198","8.894","77.711","97.149","670.195","123425133934"
"Bangladesh","1993","BGD","118132363","9.206","85.436","98.021","723.221","129907345176"
"Bangladesh","1994","BGD","120343183","9.784","90.69","97.401","753.595","137432659561"
"Bangladesh","1995","BGD","122600372","10.806","107.109","99.035","873.64","145833067614"
"Bangladesh","1996","BGD","124862185","11.474","112.202","98.168","898.61","155028875281"
"Bangladesh","1997","BGD","127198070","11.858","117.891","98.304","926.829","165329622112"
"Bangladesh","1998","BGD","129622332","12.882","125.559","98.084","968.654","175900627375"
"Bangladesh","1999","BGD","132108065","14.45","126.985","98.176","961.223","187794887949"
"Bangladesh","2000","BGD","134544303","15.94","136.255","98.375","1012.713","200824294390"
"Bangladesh","2001","BGD","136805810","17.38","155.691","98.169","1138.044","213164797419"
"Bangladesh","2002","BGD","138933659","18.95","156.245","98.546","1124.599","226285297151"
"Bangladesh","2003","BGD","140970355","20.07","165.108","98.647","1171.225","242325893842"
"Bangladesh","2004","BGD","142902857","25.13","175.497","98.767","1228.083","260372737862"
"Bangladesh","2005","BGD","144715789","26.96","190.247","98.877","1314.626","280264340330"
"Bangladesh","2006","BGD","146405983","30.16","205.884","98.949","1406.255","303255436424"
"Bangladesh","2007","BGD","147989282","30.99","211.754","98.963","1430.873","327072515722"
"Bangladesh","2008","BGD","149474264","34.23","222.951","98.776","1491.569","349461394439"
"Bangladesh","2009","BGD","150873716","37.23","245.344","99.487","1626.153","372693237092"
"Bangladesh","2010","BGD","152201978","40.86","251.074","99.166","1649.613","400087800634"
"Bangladesh","2011","BGD","153591074","44.22","271.629","99.005","1768.521","431418704062"
"Bangladesh","2012","BGD","155070110","48.62","295.028","99.154","1902.543","458456647637"
"Bangladesh","2013","BGD","156532134","53.34","306.577","99.187","1958.554","486135250102"
"Bangladesh","2014","BGD","157964931","56.05","318.558","99.314","2016.64","516793803718"
"Bangladesh","2015","BGD","159383179","59.29","385.102","99.207","2416.201","552104723056"
"Belarus","1985","BLR","9944184","33.175","408.044","99.986","41033.402","109799185546"
"Belarus","1986","BLR","10004289","36.282","465.838","99.988","46563.863","112796181757"
"Belarus","1987","BLR","10057608","37.453","472.619","99.988","46991.227","114070850727"
"Belarus","1988","BLR","10107636","38.15","479.405","99.988","47429.98","113655358587"
"Belarus","1989","BLR","10158779","38.489","463.661","99.988","45641.375","121119310826"
"Belarus","1990","BLR","10186258","39.526","465.973","99.988","45745.211","116974867000"
"Belarus","1991","BLR","10193889","38.735","464.906","99.989","45606.363","114005544177"
"Belarus","1992","BLR","10217561","37.595","404.953","99.988","39633.062","101880793628"
"Belarus","1993","BLR","10241320","33.369","337.871","99.984","32991","93050209032"
"Belarus","1994","BLR","10230193","31.397","282.204","99.981","27585.434","81212667307"
"Belarus","1995","BLR","10197466","24.918","250.706","99.978","24585.137","71373341741"
"Belarus","1996","BLR","10164025","23.728","257.138","99.983","25298.854","72504136402"
"Belarus","1997","BLR","10122365","26.057","260.101","99.978","25695.682","79868071251"
"Belarus","1998","BLR","10080579","23.492","254.351","99.969","25231.76","85602469015"
"Belarus","1999","BLR","10039221","26.516","247.417","99.979","24645.004","87455010171"
"Belarus","2000","BLR","9991310","26.1","254.999","99.971","25522.084","91419114455"
"Belarus","2001","BLR","9938068","25.07","247.911","99.967","24945.643","94624119098"
"Belarus","2002","BLR","9873451","26.46","256.476","99.969","25976.342","98263269227"
"Belarus","2003","BLR","9803175","26.63","254.552","99.97","25966.264","103937865617"
"Belarus","2004","BLR","9735089","31.2","285.033","99.968","29278.977","114486408721"
"Belarus","2005","BLR","9667833","30.96","284.106","99.965","29386.727","123858071551"
"Belarus","2006","BLR","9608041","31.81","302.112","99.966","31443.652","134673942572"
"Belarus","2007","BLR","9563135","31.83","294.727","99.953","30819.047","144615680573"
"Belarus","2008","BLR","9529357","35.05","298.614","99.903","31336.238","157577029170"
"Belarus","2009","BLR","9507334","30.37","282.515","99.807","29715.518","156010272888"
"Belarus","2010","BLR","9490752","34.9","306.201","99.748","32263.109","166239903113"
"Belarus","2011","BLR","9472738","32.19","300.684","99.756","31742.064","173120303880"
"Belarus","2012","BLR","9463075","30.81","325.236","99.743","34368.988","175940441074"
"Belarus","2013","BLR","9464454","31.51","294.205","99.695","31085.303","177632980571"
"Belarus","2014","BLR","9472704","34.74","294.863","99.705","31127.623","180627882895"
"Belarus","2015","BLR","9487289","34.09","266.962","99.654","28138.871","173709821418"
"Belgium","1985","BEL","9880338","57.322","544.368","82.097","55096.121","235344813262"
"Belgium","1986","BEL","9886981","58.676","561.724","80.198","56814.492","238862653069"
"Belgium","1987","BEL","9899150","63.367","578.68","79.478","58457.508","244504599238"
"Belgium","1988","BEL","9916566","65.349","590.204","79.353","59516.973","256045020000"
"Belgium","1989","BEL","9936575","67.547","594.57","80.414","59836.559","265237140019"
"Belgium","1990","BEL","9960968","70.29","621.353","80.555","62378.742","273278713941"
"Belgium","1991","BEL","9998962","71.19","642.88","81.156","64294.656","278686606016"
"Belgium","1992","BEL","10045988","71.42","641.509","80.822","63857.262","283358354426"
"Belgium","1993","BEL","10084932","70.08","631.183","81.235","62586.73","281005275818"
"Belgium","1994","BEL","10116005","71.34","663.908","82.674","65629.477","290433135887"
"Belgium","1995","BEL","10137264","73.52","672.12","82.549","66301.898","297763645458"
"Belgium","1996","BEL","10156972","75.14","713.881","82.84","70284.875","302924438524"
"Belgium","1997","BEL","10181465","77.88","721.262","81.427","70840.68","314576090803"
"Belgium","1998","BEL","10203185","82.09","735.386","82.189","72074.211","321240211745"
"Belgium","1999","BEL","10226681","83.37","730.141","80.926","71395.695","333121577520"
"Belgium","2000","BEL","10251719","82.79","743.348","81.513","72509.641","345706865981"
"Belgium","2001","BEL","10287005","78.63","736.859","82.125","71630.055","349015220419"
"Belgium","2002","BEL","10332975","80.94","733.474","81.772","70983.867","355705534550"
"Belgium","2003","BEL","10376262","83.57","761.691","82.514","73407.07","358937085300"
"Belgium","2004","BEL","10421298","82.91","764.62","82.582","73370.898","372499172102"
"Belgium","2005","BEL","10478883","84.38","756.118","82.167","72156.344","380840056202"
"Belgium","2006","BEL","10548445","83.34","758.241","82.31","71881.797","390874955040"
"Belgium","2007","BEL","10625488","86.81","763.469","81.757","71852.602","404721960651"
"Belgium","2008","BEL","10709711","83.06","775.734","82.721","72432.766","408290544814"
"Belgium","2009","BEL","10812936","89.76","715.849","80.116","66203.031","399489943721"
"Belgium","2010","BEL","10936619","93.04","764.788","80.474","69929.078","411261674695"
"Belgium","2011","BEL","11038624","89.28","713.712","78.418","64655.848","420934235947"
"Belgium","2012","BEL","11107522","81.51","684.939","79.766","61664.453","424045845634"
"Belgium","2013","BEL","11160277","81.95","701.919","79.095","62894.422","425993254852"
"Belgium","2014","BEL","11210113","71.2","650.851","80.816","58059.273","432717694183"
"Belgium","2015","BEL","11275332","68.43","657.427","83.349","58306.633","441551470878"
"Brazil","1985","BRA","135515593","193.682","1368.704","57.454","10099.972","1080097284000"
"Brazil","1986","BRA","138336371","202.129","1442.552","58.389","10427.861","1160963076000"
"Brazil","1987","BRA","141104946","203.331","1481.515","58.581","10499.386","1201712854000"
"Brazil","1988","BRA","143826357","214.953","1545.098","57.644","10742.801","1200534790000"
"Brazil","1989","BRA","146502975","221.739","1581.536","56.986","10795.25","1238775447000"
"Brazil","1990","BRA","149143223","222.82","1562.972","56.326","10479.675","1185475140000"
"Brazil","1991","BRA","151724253","234.376","1624.042","56.046","10703.902","1213090136106"
"Brazil","1992","BRA","154275077","241.762","1652.104","55.679","10708.817","1221828516629"
"Brazil","1993","BRA","156794574","252.003","1730.256","55.71","11035.176","1298220757545"
"Brazil","1994","BRA","159265011","260.041","1806.904","56.059","11345.266","1391783970549"
"Brazil","1995","BRA","161735079","275.601","1913.031","56.252","11828.174","1468835128486"
"Brazil","1996","BRA","164202549","291.246","2030.631","56.826","12366.625","1520364859776"
"Brazil","1997","BRA","166661662","307.981","2149.204","57.433","12895.613","1591956040321"
"Brazil","1998","BRA","169159651","321.749","2239.432","57.553","13238.571","1617675773756"
"Brazil","1999","BRA","171641544","334.726","2269.971","57.716","13225.068","1645887982219"
"Brazil","2000","BRA","174018278","348.93","2364.255","58.334","13586.246","1739728033832"
"Brazil","2001","BRA","176301201","328.55","2304.051","61.071","13068.835","1785513006345"
"Brazil","2002","BRA","178503485","345.72","2351.535","59.532","13173.609","1861742323845"
"Brazil","2003","BRA","180622688","364.39","2386.334","57.989","13211.707","1904932706436"
"Brazil","2004","BRA","182675144","387.49","2503.373","58.27","13703.958","2038447931287"
"Brazil","2005","BRA","184688101","403.07","2569.063","57.674","13910.277","2129214530430"
"Brazil","2006","BRA","186653099","419.45","2641.583","57.428","14152.363","2240805319046"
"Brazil","2007","BRA","188552311","445.15","2810.543","56.519","14905.908","2405626901513"
"Brazil","2008","BRA","190367297","463.18","2936.354","57.327","15424.676","2559842659987"
"Brazil","2009","BRA","192079958","466.17","2925.52","54.653","15230.74","2589568436235"
"Brazil","2010","BRA","193701931","515.8","3188.735","56.281","16462.07","2820492538862"
"Brazil","2011","BRA","195284736","531.76","3316.323","56.37","16981.988","2968455007203"
"Brazil","2012","BRA","196876113","552.5","3408.335","58.501","17312.078","3025484250011"
"Brazil","2013","BRA","198478290","570.83","3500.955","60.442","17638.982","3116394665745"
"Brazil","2014","BRA","200085126","590.55","3575.635","61.318","17870.57","3132099937531"
"Brazil","2015","BRA","201675534","581.22","3535.438","60.217","17530.328","3021043246476"
"Bulgaria","1985","BGR","8958855","41.632","336.879","87.283","37602.871","88756020855"
"Bulgaria","1986","BGR","8963473","41.82","343.634","88.324","38337.195","91110686132"
"Bulgaria","1987","BGR","8976206","43.473","346.295","87.948","38579.18","91271728813"
"Bulgaria","1988","BGR","8985721","45.021","354.369","85.341","39436.852","90700492394"
"Bulgaria","1989","BGR","8936386","44.331","351.288","86.301","39309.855","89073461843"
"Bulgaria","1990","BGR","8822366","41.9","324.408","85.997","36771.109","79352520673"
"Bulgaria","1991","BGR","8695798","40.69","262.598","83.58","30198.242","72983249507"
"Bulgaria","1992","BGR","8559091","35.44","247.091","84.811","28868.836","67935669606"
"Bulgaria","1993","BGR","8466533","37.84","263.601","83.319","31134.502","67190225135"
"Bulgaria","1994","BGR","8416924","37.98","253.54","81.696","30122.635","68680754016"
"Bulgaria","1995","BGR","8357576","41.65","272.66","80.096","32624.234","70965735433"
"Bulgaria","1996","BGR","8291402","42.68","271.906","78.451","32793.77","65116237713"
"Bulgaria","1997","BGR","8217101","42.58","257.145","77.748","31293.846","64936506648"
"Bulgaria","1998","BGR","8138193","41.42","247.26","77.426","30382.707","67715867197"
"Bulgaria","1999","BGR","8067464","37.93","217.257","76.13","26929.967","64098092292"
"Bulgaria","2000","BGR","8000519","40.59","217.377","73.217","27170.389","67719765830"
"Bulgaria","2001","BGR","7928455","43.44","224.567","73.753","28324.223","68877651140"
"Bulgaria","2002","BGR","7861949","42.08","217.838","71.696","27707.934","73450036758"
"Bulgaria","2003","BGR","7804405","42.28","225.353","75.317","28875.049","77722336425"
"Bulgaria","2004","BGR","7749430","41.36","217.915","75.016","28120.139","83228668873"
"Bulgaria","2005","BGR","7695047","43.89","236.086","73.654","30680.197","89684785590"
"Bulgaria","2006","BGR","7640292","45.44","240.701","73.442","31504.156","96404598197"
"Bulgaria","2007","BGR","7586896","42.82","232.64","79.861","30663.352","104058200673"
"Bulgaria","2008","BGR","7535589","44.49","230.224","78.429","30551.521","110900337989"
"Bulgaria","2009","BGR","7488016","42.31","202.107","75.198","26990.662","107365071902"
"Bulgaria","2010","BGR","7437594","45.93","211.471","73.795","28432.732","109045208364"
"Bulgaria","2011","BGR","7380023","49.96","224.607","76.432","30434.416","109435363210"
"Bulgaria","2012","BGR","7317020","46.46","213.428","73.924","29168.732","110261509885"
"Bulgaria","2013","BGR","7264605","43.02","198.108","71.828","27270.346","109643527181"
"Bulgaria","2014","BGR","7223450","46.92","211.55","71.093","29286.607","110703533681"
"Bulgaria","2015","BGR","7177515","48.71","224.68","71.709","31303.371","114498611934"
"Canada","1985","CAN","25927463","459.016","2857.275","63.674","110202.641","727013329052"
"Canada","1986","CAN","26211036","468.584","2884.924","62.24","110065.242","746074615843"
"Canada","1987","CAN","26540913","496.398","2977.613","62.273","112189.555","776472503351"
"Canada","1988","CAN","26927938","506.016","3096.846","64.041","115004.945","814240093652"
"Canada","1989","CAN","27366046","498.093","3127.392","66.193","114280.016","833918743195"
"Canada","1990","CAN","27789437","480.593","3008.582","64.928","108263.508","835996817449"
"Canada","1991","CAN","28157154","506.995","3020.828","62.834","107284.562","820274272433"
"Canada","1992","CAN","28500066","518.627","3101.725","63.426","108832.219","829742094636"
"Canada","1993","CAN","28830635","530.232","3180.007","62.476","110299.57","853775990714"
"Canada","1994","CAN","29147383","553.055","3301.156","62.101","113257.367","894851932653"
"Canada","1995","CAN","29459138","557.869","3381.887","63.196","114799.25","921360066054"
"Canada","1996","CAN","29767210","571.622","3474.036","62.855","116706.812","938872519434"
"Canada","1997","CAN","30059088","572.341","3491.245","64.306","116146.086","981728042651"
"Canada","1998","CAN","30329971","561.991","3441.169","66.07","113457.711","1022474596969"
"Canada","1999","CAN","30599458","577.774","3550.909","65.818","116044.836","1078414980757"
"Canada","2000","CAN","30891800","603.82","3647.49","65.852","118073.062","1137681278760"
"Canada","2001","CAN","31213578","587.76","3572.098","66.972","114440.516","1161459919261"
"Canada","2002","CAN","31535579","599.79","3693.393","66.997","117118.281","1199865635264"
"Canada","2003","CAN","31836483","588.27","3711.021","68.423","116565.047","1224575760991"
"Canada","2004","CAN","32132680","598.5","3768.068","67.733","117265.898","1265917327101"
"Canada","2005","CAN","32440172","620.5","3796.704","66.365","117037.102","1310077836124"
"Canada","2006","CAN","32759174","608.43","3669.61","65.572","112017.781","1348293394113"
"Canada","2007","CAN","33092171","634.19","3918.65","67.058","118416.227","1379925831954"
"Canada","2008","CAN","33449088","635.11","3871.871","66.006","115754.156","1397938727409"
"Canada","2009","CAN","33826370","613.87","3720.504","65.577","109988.281","1360538049277"
"Canada","2010","CAN","34196900","607.03","3760.554","67.085","109967.695","1406355361431"
"Canada","2011","CAN","34555449","638.27","3900.117","66.293","112865.477","1454221365109"
"Canada","2012","CAN","34922513","636.54","3901.693","65.8","111724.289","1479829523672"
"Canada","2013","CAN","35293421","655.69","4004.351","65.57","113458.836","1514296485427"
"Canada","2014","CAN","35634265","652.97","4009.156","66.089","112508.438","1557757464897"
"Canada","2015","CAN","35962236","661.08","4021.453","65.785","111824.336","1568025782105"
"Chile","1985","CHL","12395277","14.04","109.9","70.937","8866.271","96833632000"
"Chile","1986","CHL","12588923","14.82","114.165","69.886","9068.701","102072825000"
"Chile","1987","CHL","12790156","15.637","119.833","68.969","9369.136","108707265000"
"Chile","1988","CHL","12999426","16.915","133.717","72.684","10286.36","116634121000"
"Chile","1989","CHL","13215015","17.811","147.822","79.241","11185.941","129084510000"
"Chile","1990","CHL","13437181","18.398","155.681","81.919","11585.809","133955187000"
"Chile","1991","CHL","13662482","19.963","174.964","76.982","12806.18","143694660776"
"Chile","1992","CHL","13884579","22.35","194.194","72.813","13986.307","160277244361"
"Chile","1993","CHL","14102276","24.013","205.228","73.62","14552.833","170385338997"
"Chile","1994","CHL","14316263","25.276","215.481","75.149","15051.502","178942754051"
"Chile","1995","CHL","14527382","28.027","232.236","75.079","15986.057","196694148759"
"Chile","1996","CHL","14734049","30.791","245.845","78.45","16685.5","209865805164"
"Chile","1997","CHL","14932436","33.292","281.059","79.079","18822.027","222279419403"
"Chile","1998","CHL","15127799","35.495","281.476","82.804","18606.529","227977542773"
"Chile","1999","CHL","15319311","38.384","293.115","85.462","19133.707","224771940848"
"Chile","2000","CHL","15503638","41.12","307.391","81.144","19827.041","233340518904"
"Chile","2001","CHL","15683852","42.32","313.345","78.939","19978.824","239642803054"
"Chile","2002","CHL","15857926","43.44","320.801","78.166","20229.719","243288829547"
"Chile","2003","CHL","16024755","46.63","322.49","78.988","20124.473","250723122339"
"Chile","2004","CHL","16187324","51","344.299","81.446","21269.668","264146071325"
"Chile","2005","CHL","16348780","52.22","357.327","78.917","21856.49","278000705012"
"Chile","2006","CHL","16509195","55.04","369.682","78.085","22392.51","293258343549"
"Chile","2007","CHL","16671571","58.28","369.299","81.428","22151.396","305709457316"
"Chile","2008","CHL","16838987","59.46","369.306","79.353","21931.584","314032357531"
"Chile","2009","CHL","17009730","60.37","354.372","78.024","20833.512","306660166266"
"Chile","2010","CHL","17181463","60.25","363.948","81.059","21182.576","321457401232"
"Chile","2011","CHL","17351810","65.65","385.712","82.328","22228.908","338708860136"
"Chile","2012","CHL","17519116","69.57","402.747","82.024","22988.977","359556383692"
"Chile","2013","CHL","17687006","72.84","413.759","81.976","23393.406","371454072393"
"Chile","2014","CHL","17864192","70.17","409.534","80.481","22924.852","378114271615"
"Chile","2015","CHL","18047630","74.91","414.23","79","22952.033","386251266445"
"China","1985","CHN","1059807818","410.69","6150.371","95.816","5803.289","2752673760000"
"China","1986","CHN","1077233607","449.53","6444.106","95.914","5982.088","2931538920000"
"China","1987","CHN","1096217445","497.267","6950.239","95.992","6340.201","3177306585000"
"China","1988","CHN","1115244168","545.21","7467.112","95.928","6695.495","3354463350000"
"China","1989","CHN","1133991006","584.81","7836.437","95.791","6910.493","3380560300000"
"China","1990","CHN","1153582725","621.2","7938.25","95.55","6881.387","3385121670000"
"China","1991","CHN","1170788533","677.55","8337.61","95.832","7121.363","3508948004345"
"China","1992","CHN","1184574236","753.94","8773.708","95.843","7406.634","3755037703201"
"China","1993","CHN","1197308574","811.59","9457.634","95.47","7899.078","4126169229667"
"China","1994","CHN","1209003099","927.8","10048.812","94.923","8311.651","4438753488140"
"China","1995","CHN","1220133929","1007.03","10352.658","94.415","8484.854","4809999898743"
"China","1996","CHN","1230944809","1081.31","10907.45","94.785","8861.039","5127589598793"
"China","1997","CHN","1241139623","1135.55","10981.134","94.577","8847.622","5291338914515"
"China","1998","CHN","1250847122","1167","11000.566","94.524","8794.493","5338703042331"
"China","1999","CHN","1260176650","1239.3","11386.068","94.742","9035.296","5578503091801"
"China","2000","CHN","1269581174","1355.6","11800.284","94.269","9294.628","5952682232028"
"China","2001","CHN","1278725061","1480.79","12470.063","93.36","9751.95","6329737256820"
"China","2002","CHN","1286866835","1654.01","13580.491","93.569","10553.145","6814493895929"
"China","2003","CHN","1294517323","1910.58","15818.756","94.25","12219.811","7248623080792"
"China","2004","CHN","1302100316","2203.31","18509.137","93.969","14214.832","7830953177799"
"China","2005","CHN","1310027135","2500.26","21027.164","94.08","16050.938","8602939667333"
"China","2006","CHN","1318054030","2865.72","23048.334","94.095","17486.639","9489543138489"
"China","2007","CHN","1325813576","3281.54","25049.576","93.932","18893.74","10358206113742"
"China","2008","CHN","1333821011","3495.76","26020.463","92.431","19508.211","10799148337884"
"China","2009","CHN","1342522717","3714.64","27158.898","92.76","20229.75","11572544299171"
"China","2010","CHN","1351561505","4207.16","29055.609","92.132","21497.809","12858808500983"
"China","2011","CHN","1360250658","4713.02","31336.537","92.579","23037.326","13691526496125"
"China","2012","CHN","1369520866","4987.54","32624.18","91.152","23821.602","14773157494771"
"China","2013","CHN","1379008040","5431.63","33852.566","90.679","24548.49","15925464549520"
"China","2014","CHN","1387951970","5794.45","34729.066","89.328","25021.807","17103948867278"
"China","2015","CHN","1396134171","5814.58","35135.988","88.48","25166.627","18301224436466"
"Colombia","1985","COL","29268470","29.375","219.453","75.913","7497.94","202554132000"
"Colombia","1986","COL","29879114","31.653","229.963","73.426","7696.458","214958400000"
"Colombia","1987","COL","30499471","33.68","251.271","73.526","8238.534","226482432000"
"Colombia","1988","COL","31130530","35.473","251.092","72.042","8065.788","235710466000"
"Colombia","1989","COL","31776280","37.021","264.485","71.02","8323.355","243368631000"
"Colombia","1990","COL","32440064","38.246","252.481","68.799","7783.004","253538201000"
"Colombia","1991","COL","33098373","40.124","259.169","69.369","7830.261","259415683485"
"Colombia","1992","COL","33760571","36.613","268.506","76.198","7953.24","270562880339"
"Colombia","1993","COL","34441479","41.691","292.186","72.631","8483.56","286025318326"
"Colombia","1994","COL","35127408","45.024","316.39","70.884","9006.918","300636179033"
"Colombia","1995","COL","35804670","47.483","323.725","71.584","9041.412","316101744239"
"Colombia","1996","COL","36462740","48.371","336.599","69.849","9231.311","322403822039"
"Colombia","1997","COL","37121155","49.906","342.17","73.568","9217.649","333997136300"
"Colombia","1998","COL","37792169","50.283","346.521","74.435","9169.126","335365604121"
"Colombia","1999","COL","38454861","47.775","322.875","70","8396.195","321583145089"
"Colombia","2000","COL","39089939","42.81","314.184","71.761","8037.474","330615619673"
"Colombia","2001","COL","39709263","43.14","316.865","71.428","7979.616","336096684249"
"Colombia","2002","COL","40324684","44.71","316.936","69.561","7859.605","344517683680"
"Colombia","2003","COL","40937426","46.2","322.863","68.36","7886.754","357889195415"
"Colombia","2004","COL","41543177","49.33","339.531","68.311","8172.958","376728225954"
"Colombia","2005","COL","42128978","49.94","334.302","67.217","7935.191","394076061209"
"Colombia","2006","COL","42691081","53.34","385.987","69.064","9041.391","420283862175"
"Colombia","2007","COL","43235374","54.79","392.271","68.54","9072.923","448731322364"
"Colombia","2008","COL","43758805","55.48","408.48","68.733","9334.807","464038717488"
"Colombia","2009","COL","44271543","56.75","403.782","71.229","9120.582","471326580093"
"Colombia","2010","COL","44777325","60.23","424.601","72.596","9482.501","489870174161"
"Colombia","2011","COL","45259614","61.7","443.797","68.629","9805.576","521323240921"
"Colombia","2012","COL","45715807","63.06","471.933","70.977","10323.192","541722649583"
"Colombia","2013","COL","46151583","73.51","485.04","73.733","10509.707","569534665242"
"Colombia","2014","COL","46565426","70.46","510.586","74.692","10964.914","595158021031"
"Colombia","2015","COL","46969938","77.97","504.402","74.455","10738.822","612750891790"
"Croatia","1990","HRV","4835067","8.81","100.82","89.097","20851.836","58374079130"
"Croatia","1991","HRV","4825159","8.58","83.79","81.426","17365.137","46751295520"
"Croatia","1992","HRV","4782235","8.9","80.523","84.827","16838.043","41906545003"
"Croatia","1993","HRV","4729734","9.54","84.006","84.736","17761.256","39138894948"
"Croatia","1994","HRV","4675517","8.74","84.863","81.981","18150.568","42079800726"
"Croatia","1995","HRV","4619362","9.24","87.85","81.788","19017.701","45617097590"
"Croatia","1996","HRV","4562290","11.14","94.241","76.442","20656.52","48751845543"
"Croatia","1997","HRV","4504627","10.21","93.359","82.383","20725.064","52770093719"
"Croatia","1998","HRV","4445669","11.44","98.731","82.843","22208.432","54840833756"
"Croatia","1999","HRV","4385823","12.96","102.114","79.78","23282.852","55058853604"
"Croatia","2000","HRV","4326105","11.21","96.55","81.206","22317.953","57398794775"
"Croatia","2001","HRV","4301079","12.75","101.516","80.215","23602.438","57633269426"
"Croatia","2002","HRV","4305783","12.69","101.622","84.06","23601.307","61317061359"
"Croatia","2003","HRV","4306683","13.16","106.32","85.886","24687.121","65731224853"
"Croatia","2004","HRV","4310050","13.87","110.541","81.062","25647.283","69483828958"
"Croatia","2005","HRV","4313946","13.05","109.285","82.431","25332.936","73522772944"
"Croatia","2006","HRV","4315802","12.91","107.95","83.356","25012.688","78256427771"
"Croatia","2007","HRV","4315959","12.54","108.455","88.255","25128.795","83591431787"
"Croatia","2008","HRV","4314635","12.78","107.864","85.53","24999.676","86620961215"
"Croatia","2009","HRV","4310537","13.35","106.489","81.241","24704.299","81451695571"
"Croatia","2010","HRV","4301150","14.79","108.264","77.284","25170.996","81303793822"
"Croatia","2011","HRV","4280827","11.23","94.448","85.287","22063.092","82302805353"
"Croatia","2012","HRV","4259233","10.57","87.595","83.926","20565.84","80383800465"
"Croatia","2013","HRV","4242403","13.94","96.073","74.441","22645.891","80064089923"
"Croatia","2014","HRV","4219485","13.43","96.009","72.751","22753.666","79720242860"
"Croatia","2015","HRV","4183732","11.24","91.02","78.349","21755.668","81731110395"
"Cyprus","1985","CYP","731290","1.319","13.565","100","18549.932","7589592356"
"Cyprus","1986","CYP","743116","1.423","14.143","100","19032.611","7878650000"
"Cyprus","1987","CYP","754796","1.501","17.281","100","22894.695","8435045112"
"Cyprus","1988","CYP","766238","1.647","17.845","100","23289.115","9131655040"
"Cyprus","1989","CYP","777429","1.831","18.312","100","23554.605","9870457157"
"Cyprus","1990","CYP","788355","1.97","19.275","100","24449.057","10601790424"
"Cyprus","1991","CYP","798950","2.08","19.512","100","24422.248","10802933313"
"Cyprus","1992","CYP","810344","2.43","22.797","100","28132.1","11948250048"
"Cyprus","1993","CYP","826042","2.59","23.69","100","28679.145","12173586499"
"Cyprus","1994","CYP","844669","2.68","23.732","100","28096.639","13051263000"
"Cyprus","1995","CYP","862698","2.5","25.231","100","29246.24","14530339515"
"Cyprus","1996","CYP","880295","2.61","25.605","100","29086.635","14861081660"
"Cyprus","1997","CYP","897574","2.73","25.852","100","28801.662","15384666855"
"Cyprus","1998","CYP","914552","2.99","27.447","100","30010.984","16341391926"
"Cyprus","1999","CYP","931235","3.14","28.881","100","31013.311","17289794170"
"Cyprus","2000","CYP","947667","3.37","30.261","100","31932.213","18447964503"
"Cyprus","2001","CYP","964129","3.55","30.61","100","31748.504","19289559263"
"Cyprus","2002","CYP","981443","3.79","30.186","100","30756.688","20131146271"
"Cyprus","2003","CYP","999600","4.05","32.088","100","32101.143","20821863547"
"Cyprus","2004","CYP","1017875","4.2","31.228","99.993","30679.959","21975893073"
"Cyprus","2005","CYP","1036156","4.38","34.993","99.993","33771.734","23006188640"
"Cyprus","2006","CYP","1054424","4.65","34.412","99.988","32635.766","24267407225"
"Cyprus","2007","CYP","1072727","4.87","34.987","99.942","32614.639","25673703212"
"Cyprus","2008","CYP","1091029","5.07","35.855","99.412","32863.738","26913613219"
"Cyprus","2009","CYP","1109377","5.21","35.004","99.227","31552.451","26682210733"
"Cyprus","2010","CYP","1127826","5.33","34.056","98.905","30196.178","27285556934"
"Cyprus","2011","CYP","1146493","4.92","33.725","98","29415.918","27627899267"
"Cyprus","2012","CYP","1165403","4.72","31.605","97.229","27119.346","26675451028"
"Cyprus","2013","CYP","1183899","4.29","28.278","96.32","23885.867","24918237857"
"Cyprus","2014","CYP","1201806","4.34","28.294","96.631","23543.232","24475580582"
"Cyprus","2015","CYP","1219504","4.54","29.184","96.033","23931.43","25312505108"
"Czechia","1985","CZE","10305141","58.121","631.51","98.209","61281.047","132537133916"
"Czechia","1986","CZE","10304374","60.606","638.553","96.505","61969.156","136190031570"
"Czechia","1987","CZE","10303422","62.196","653.255","94.392","63401.766","139350917529"
"Czechia","1988","CZE","10305448","64.334","656.114","94.099","63666.672","142237370686"
"Czechia","1989","CZE","10305609","65.131","636","93.849","61713.973","144679286083"
"Czechia","1990","CZE","10301989","62.27","546.744","93.004","53071.695","146168284839"
"Czechia","1991","CZE","10304420","60.3","497.639","92.606","48293.75","130499462994"
"Czechia","1992","CZE","10312449","59.05","482.979","92.128","46834.602","131496641304"
"Czechia","1993","CZE","10320404","58.67","478.929","91.751","46406.059","133342958573"
"Czechia","1994","CZE","10322332","58.4","466.515","91.151","45194.73","139002246482"
"Czechia","1995","CZE","10312041","60.58","486.214","91.552","47150.117","149541611781"
"Czechia","1996","CZE","10296140","63.83","502.922","91.564","48845.676","157900113788"
"Czechia","1997","CZE","10280049","64.21","482.32","91.409","46918.055","158827904845"
"Czechia","1998","CZE","10265430","64.62","468.271","90.855","45616.305","160364287569"
"Czechia","1999","CZE","10251385","64.17","448.987","90.086","43797.691","164728010192"
"Czechia","2000","CZE","10236809","72.9","474.504","90.5","46352.703","174309526192"
"Czechia","2001","CZE","10231942","74.22","485.272","89.964","47427.164","181753179328"
"Czechia","2002","CZE","10239474","76","486.757","87.534","47537.262","187044887124"
"Czechia","2003","CZE","10248907","82.79","514.55","85.079","50205.371","196328003846"
"Czechia","2004","CZE","10261453","83.79","527.825","84.899","51437.602","208725903761"
"Czechia","2005","CZE","10280155","81.93","519.632","85.465","50547.094","225302570264"
"Czechia","2006","CZE","10304592","83.66","529.455","84.895","51380.527","243991794814"
"Czechia","2007","CZE","10337539","87.77","523.705","84.775","50660.535","260673045889"
"Czechia","2008","CZE","10378298","83.28","513.619","83.995","49489.691","271709547503"
"Czechia","2009","CZE","10420985","81.64","492.811","82.306","47290.25","261919697582"
"Czechia","2010","CZE","10464035","85.22","513.649","81.984","49087.086","271231988282"
"Czechia","2011","CZE","10495508","86.64","501.976","80.584","47827.676","279082754736"
"Czechia","2012","CZE","10507339","86.58","499.438","79.069","47532.332","276891945353"
"Czechia","2013","CZE","10511164","85.91","490.221","77.845","46638.129","276764861619"
"Czechia","2014","CZE","10517223","84.98","479.937","77.599","45633.422","283025537919"
"Czechia","2015","CZE","10524418","82.49","470.716","79.048","44726.094","298276052489"
"Denmark","1985","DNK","5113878","29.143","217.816","99.845","42593.059","141700375336"
"Denmark","1986","DNK","5120691","30.783","222.643","99.736","43479.188","146862040807"
"Denmark","1987","DNK","5127134","29.489","214.641","99.648","41863.688","147289143339"
"Denmark","1988","DNK","5129650","28.069","212.306","99.458","41388.055","149007313574"
"Denmark","1989","DNK","5132717","22.934","195.815","99.158","38150.27","149399510449"
"Denmark","1990","DNK","5141024","25.94","201.961","98.796","39284.199","151205742035"
"Denmark","1991","DNK","5154346","36.45","232.854","98.609","45176.191","154212932867"
"Denmark","1992","DNK","5171372","30.6","218.137","98.051","42181.609","158125301722"
"Denmark","1993","DNK","5188638","33.78","231.304","97.739","44578.895","159069870418"
"Denmark","1994","DNK","5206188","40.38","248.056","97.966","47646.367","168493895001"
"Denmark","1995","DNK","5233364","36.58","243.62","97.791","46551.258","174484978091"
"Denmark","1996","DNK","5263071","53.38","289.889","97.907","55079.805","180654110941"
"Denmark","1997","DNK","5285041","44.14","262.998","96.772","49762.707","187647333700"
"Denmark","1998","DNK","5304263","40.92","253.691","95.544","47827.82","192859238471"
"Denmark","1999","DNK","5321814","38.72","246.049","94.857","46234.027","199699305568"
"Denmark","2000","DNK","5339659","35.85","236.519","93.241","44294.852","208333676429"
"Denmark","2001","DNK","5358825","37.54","237.217","92.935","44266.516","211243390442"
"Denmark","2002","DNK","5375967","39.1","236.755","91.803","44039.605","213517288371"
"Denmark","2003","DNK","5390621","45.97","255.233","90.946","47347.523","215549132167"
"Denmark","2004","DNK","5404594","40.24","241.652","88.76","44712.285","222528951750"
"Denmark","2005","DNK","5419550","36.08","233.617","88.045","43106.32","229074701412"
"Denmark","2006","DNK","5437425","45.44","255.481","89.758","46985.727","239411013967"
"Denmark","2007","DNK","5461604","39.14","243.401","88.047","44565.855","242913735233"
"Denmark","2008","DNK","5493762","36.48","234.872","87.905","42752.508","243090598807"
"Denmark","2009","DNK","5523169","36.25","220.807","87.156","39978.305","232507363099"
"Denmark","2010","DNK","5547865","38.75","235.977","85.027","42534.68","238190225279"
"Denmark","2011","DNK","5570848","35.11","220.975","81.475","39666.25","242757622888"
"Denmark","2012","DNK","5591911","30.57","205.243","78.768","36703.641","243307499552"
"Denmark","2013","DNK","5615333","34.61","211.702","78.144","37700.766","245578374484"
"Denmark","2014","DNK","5643795","32.04","203.564","74.695","36068.551","249555233739"
"Denmark","2015","DNK","5683698","28.78","198.975","72.975","35007.945","255401297489"
"Ecuador","1985","ECU","9311152","4.558","60.968","84.915","6547.877","58293684914"
"Ecuador","1986","ECU","9545999","5.012","63.906","82.363","6694.515","60010587566"
"Ecuador","1987","ECU","9779290","5.384","65.865","80.484","6735.193","56249617291"
"Ecuador","1988","ECU","10010804","5.641","76.071","82.175","7598.915","62261234000"
"Ecuador","1989","ECU","10241859","5.769","78.448","82.257","7659.501","62369318027"
"Ecuador","1990","ECU","10473674","6.349","80.982","82.704","7731.968","64188502782"
"Ecuador","1991","ECU","10702377","6.974","89.439","84.073","8356.9","67933582437"
"Ecuador","1992","ECU","10930128","7.196","88.979","84.316","8140.747","70873835048"
"Ecuador","1993","ECU","11154283","7.411","92.231","82.302","8268.7","72804333284"
"Ecuador","1994","ECU","11372197","8.144","100.323","81.606","8821.755","76428090430"
"Ecuador","1995","ECU","11590519","8.429","94.818","84.733","8180.669","78692037555"
"Ecuador","1996","ECU","11810954","9.679","107.914","83.498","9136.731","80612101466"
"Ecuador","1997","ECU","12031129","10.362","120.221","84.754","9992.515","84682917021"
"Ecuador","1998","ECU","12251188","10.89","120.844","84.899","9863.863","88055994335"
"Ecuador","1999","ECU","12470800","10.308","110.231","81.701","8839.105","84464765477"
"Ecuador","2000","ECU","12689215","10.53","104.129","79.427","8206.088","85978888021"
"Ecuador","2001","ECU","12910736","10.98","105.483","81.263","8170.174","90060703680"
"Ecuador","2002","ECU","13138473","11.81","104.109","79.94","7924.009","94404507340"
"Ecuador","2003","ECU","13372304","11.48","106.607","81.428","7972.256","97642542688"
"Ecuador","2004","ECU","13608700","12.8","114.056","82.182","8381.104","106393261231"
"Ecuador","2005","ECU","13846162","12.64","120.725","84.25","8719.008","112798230080"
"Ecuador","2006","ECU","14086138","14.08","127.686","84.565","9064.634","118581678982"
"Ecuador","2007","ECU","14328783","17.25","134.253","81.372","9369.433","122016284055"
"Ecuador","2008","ECU","14575201","18.49","143.285","78.451","9830.746","130654762337"
"Ecuador","2009","ECU","14825960","18.16","139.805","81.989","9429.752","132310294703"
"Ecuador","2010","ECU","15076697","19.42","155.194","84.863","10293.648","137913290159"
"Ecuador","2011","ECU","15326232","20.43","164.644","81.725","10742.646","149795272280"
"Ecuador","2012","ECU","15572195","22.73","173.933","81.091","11169.487","158246726051"
"Ecuador","2013","ECU","15807132","23.16","179.509","83.481","11356.213","166075183974"
"Ecuador","2014","ECU","16035127","24.19","188.563","83.549","11759.381","172367775440"
"Ecuador","2015","ECU","16266229","25.83","188.046","81.244","11560.524","172538423301"
"Egypt","1985","EGY","50734974","30.253","328.849","92.234","6481.711","197156335898"
"Egypt","1986","EGY","52206296","32.461","336.317","92.554","6442.069","202297853121"
"Egypt","1987","EGY","53674436","35.654","356.63","92.982","6644.321","207425830324"
"Egypt","1988","EGY","55187680","38.713","361.877","93.193","6557.203","216114296320"
"Egypt","1989","EGY","56710641","40.614","381.468","93.061","6726.564","222664804375"
"Egypt","1990","EGY","58396625","41.952","391.323","92.903","6701.131","227979905812"
"Egypt","1991","EGY","60029001","43.276","396.433","93.021","6604.019","241323329041"
"Egypt","1992","EGY","61480663","44.987","392.626","93.035","6386.172","254191038156"
"Egypt","1993","EGY","62915681","46.737","392.913","92.832","6245.07","269984893134"
"Egypt","1994","EGY","64285596","48.55","413.228","92.755","6427.995","286215812013"
"Egypt","1995","EGY","65652621","50.652","437.821","92.866","6668.746","305979220895"
"Egypt","1996","EGY","67028045","53.57","461.277","93.053","6881.848","328668878031"
"Egypt","1997","EGY","68431738","56.784","480.5","93.165","7021.602","354503266736"
"Egypt","1998","EGY","69943297","60.697","500.307","93.25","7153.041","380551417847"
"Egypt","1999","EGY","71520953","65.73","536.889","93.008","7506.734","409935668443"
"Egypt","2000","EGY","73083287","73.32","568.533","93.002","7779.254","444250275939"
"Egypt","2001","EGY","74652035","80.71","593.314","93.176","7947.725","475679003242"
"Egypt","2002","EGY","76239140","86.23","610.244","93.595","8004.338","501912285229"
"Egypt","2003","EGY","77853548","92.19","645.992","94.401","8297.523","528750466385"
"Egypt","2004","EGY","79477441","98.25","682.054","94.683","8581.729","561597926809"
"Egypt","2005","EGY","81101012","104.94","699.417","94.927","8624.019","600297394092"
"Egypt","2006","EGY","82700404","111.66","736.644","95.124","8907.385","650403845291"
"Egypt","2007","EGY","84276224","119.86","784.579","94.939","9309.617","713462332878"
"Egypt","2008","EGY","85864791","128.8","831.838","94.899","9687.769","775303694329"
"Egypt","2009","EGY","87501635","134.27","861.671","95.475","9847.488","831415021492"
"Egypt","2010","EGY","89196073","144.43","895.112","95.802","10035.327","898751418203"
"Egypt","2011","EGY","91093066","149.56","941.574","95.937","10336.393","923052843843"
"Egypt","2012","EGY","93161000","162.84","979.905","96.08","10518.4","950287307199"
"Egypt","2013","EGY","95333551","165.08","973.269","96.091","10209.089","984556585202"
"Egypt","2014","EGY","97528655","171.24","961.972","96.087","9863.477","1035721838706"
"Egypt","2015","EGY","99597334","181.83","976.108","95.938","9800.544","1079611566322"
"Estonia","1985","EST","1525281","17.827","118.453","100","77659.539","25443763167"
"Estonia","1986","EST","1535594","17.951","117.883","100","76766.938","26143514714"
"Estonia","1987","EST","1547258","17.9","119.666","100","77340.914","26398461135"
"Estonia","1988","EST","1559101","17.627","117.633","100","75449.164","27713411813"
"Estonia","1989","EST","1567590","17.611","121.225","100","77332.117","29500419830"
"Estonia","1990","EST","1570309","17.18","127.585","100","81248.344","27066096904"
"Estonia","1991","EST","1565380","14.63","116.75","100","74582.453","23940083198"
"Estonia","1992","EST","1540214","11.83","81.29","100","52778.336","20201098370"
"Estonia","1993","EST","1504344","9.12","67.562","100","44911.559","18206161939"
"Estonia","1994","EST","1475716","9.15","68.539","100","46444.621","17713297126"
"Estonia","1995","EST","1452774","8.69","62.165","99.97","42790.797","18632898028"
"Estonia","1996","EST","1434655","9.09","66.012","99.976","46012.625","19286856884"
"Estonia","1997","EST","1421494","9.22","65.028","99.962","45745.91","21171918456"
"Estonia","1998","EST","1411206","8.55","58.334","99.936","41336.574","21698756967"
"Estonia","1999","EST","1403578","8.27","53.738","99.904","38286.332","21126870271"
"Estonia","2000","EST","1397001","8.51","55.496","99.665","39725.285","23525730943"
"Estonia","2001","EST","1388174","8.49","57.846","99.846","41670.422","24618992841"
"Estonia","2002","EST","1379438","8.53","57.607","99.82","41761.258","25689833693"
"Estonia","2003","EST","1370849","10.16","62.816","99.789","45822.414","27160243367"
"Estonia","2004","EST","1362682","10.31","64.106","99.722","47044.355","28392969678"
"Estonia","2005","EST","1354847","10.2","64.464","99.523","47580.188","30566893529"
"Estonia","2006","EST","1346885","9.73","63.68","99.417","47279.691","33162229951"
"Estonia","2007","EST","1340709","12.18","73.746","99.432","55004.875","35115520992"
"Estonia","2008","EST","1337078","10.58","67.856","99.129","50749.477","32659893005"
"Estonia","2009","EST","1334528","8.78","58.727","97.278","44005.977","27402480486"
"Estonia","2010","EST","1331450","12.97","73.147","95.62","54937.555","27586968284"
"Estonia","2011","EST","1327366","12.89","72.963","95.153","54968.051","29217295065"
"Estonia","2012","EST","1322615","11.96","73.488","94","55562.555","30160490093"
"Estonia","2013","EST","1317920","13.28","77.463","95.297","58776.996","30600421813"
"Estonia","2014","EST","1314457","12.45","74.161","94.378","56419.855","31521829560"
"Estonia","2015","EST","1314580","10.15","68.626","93.342","52204.055","32106015454"
"Finland","1985","FIN","4902262","49.394","285.741","69.251","58287.605","113466477585"
"Finland","1986","FIN","4918256","48.948","289.027","69.531","58766.078","116153580149"
"Finland","1987","FIN","4932257","53.016","304.3","69.23","61695.867","120921063446"
"Finland","1988","FIN","4946629","53.491","302.309","69.521","61114.07","126851451843"
"Finland","1989","FIN","4964525","53.359","303.614","70.396","61156.637","134045454076"
"Finland","1990","FIN","4986576","54.36","323.249","68.839","64823.824","134055215099"
"Finland","1991","FIN","5013889","57.96","330.758","67.427","65968.336","126220143051"
"Finland","1992","FIN","5042145","57.7","329.675","65.915","65383.906","122116750127"
"Finland","1993","FIN","5066594","61.06","332.511","66.082","65628.07","121309307835"
"Finland","1994","FIN","5088454","65.62","349.031","69.035","68592.805","126178680040"
"Finland","1995","FIN","5107919","64","332.74","66.559","65141.914","131586003036"
"Finland","1996","FIN","5124715","69.31","347.479","69.318","67804.508","136506127418"
"Finland","1997","FIN","5139927","69.11","352.381","66.489","68557.547","145148158927"
"Finland","1998","FIN","5153545","70.11","364.244","63.365","70678.422","153138899026"
"Finland","1999","FIN","5165516","69.42","357.149","64.413","69141.047","160063696383"
"Finland","2000","FIN","5176197","69.97","359.11","63.226","69377.148","169209765102"
"Finland","2001","FIN","5187970","74.45","366.894","65.418","70720.078","173703951475"
"Finland","2002","FIN","5200548","74.92","368.768","67.417","70909.469","176751491921"
"Finland","2003","FIN","5212958","84.28","394.928","69.923","75758.852","180408462125"
"Finland","2004","FIN","5228147","85.84","393.254","65.163","75218.609","187633923914"
"Finland","2005","FIN","5246078","70.56","357.548","63.238","68155.234","192990732516"
"Finland","2006","FIN","5266248","82.29","383.512","66.744","72824.57","200966858669"
"Finland","2007","FIN","5288715","81.17","382.192","65.162","72265.656","211541390078"
"Finland","2008","FIN","5313379","77.35","368.496","61.54","69352.391","213226105706"
"Finland","2009","FIN","5338854","72.06","341.288","63.074","63925.277","195739132370"
"Finland","2010","FIN","5363347","80.64","371.291","64.696","69227.406","201746033638"
"Finland","2011","FIN","5388236","73.5","349.923","62.145","64942.016","207084301562"
"Finland","2012","FIN","5413978","70.41","340.459","57.955","62885.137","204190196792"
"Finland","2013","FIN","5439057","71.26","341.801","59.954","62841.867","202349011206"
"Finland","2014","FIN","5461686","68.1","329.823","57.363","60388.477","201610622550"
"Finland","2015","FIN","5479719","68.61","328.893","54.312","60020.109","202706706722"
"France","1985","FRA","55467153","344.465","2415.445","66.554","43547.309","1398409950000"
"France","1986","FRA","55752833","362.996","2472.164","63.824","44341.496","1431625550000"
"France","1987","FRA","56048366","378.486","2528.032","62.437","45104.48","1467808684000"
"France","1988","FRA","56361846","392.087","2561.471","61.147","45446.906","1532315565000"
"France","1989","FRA","56685081","404.85","2593.291","61.835","45749.082","1594471896000"
"France","1990","FRA","56990239","416.04","2649.823","60.78","46496.09","1636207672000"
"France","1991","FRA","57271564","450.34","2834.176","61.234","49486.617","1654070164992"
"France","1992","FRA","57554867","458.54","2857.941","59.705","49655.938","1681416991070"
"France","1993","FRA","57801261","468.07","2853.888","57.11","49374.152","1671995828699"
"France","1994","FRA","57999868","472.84","2824.76","56.017","48702.859","1712086429935"
"France","1995","FRA","58192207","489.41","2904.198","56.073","49906.992","1748659531786"
"France","1996","FRA","58380638","507.79","3012.348","56.414","51598.414","1773843233893"
"France","1997","FRA","58568662","499.31","2965.679","56.065","50635.941","1816394950229"
"France","1998","FRA","58778817","505.93","3037.222","57.988","51672.051","1882050330390"
"France","1999","FRA","59084209","519.54","3078.016","56.971","52095.41","1949849405155"
"France","2000","FRA","59483716","532.56","3117.909","56.16","52416.18","2031676031476"
"France","2001","FRA","59905131","542.6","3143.046","55.477","52467.066","2077786711965"
"France","2002","FRA","60327247","551.24","3118.919","55.284","51700.012","2107316572579"
"France","2003","FRA","60741119","559.13","3153.042","55.765","51909.512","2130940712046"
"France","2004","FRA","61175244","566.3","3180.13","55.689","51983.934","2196883540402"
"France","2005","FRA","61625031","569.14","3154.079","55.947","51181.785","2238790479440"
"France","2006","FRA","62049831","567.3","3128.931","55.382","50426.094","2297018080700"
"France","2007","FRA","62432438","561.84","3075.79","55.193","49265.891","2354672057875"
"France","2008","FRA","62780187","566.98","3084.845","54.63","49137.234","2362451821701"
"France","2009","FRA","63106460","528.87","2908.91","55.186","46095.289","2295352990111"
"France","2010","FRA","63417366","562.36","3001.231","54.455","47325.062","2342490492199"
"France","2011","FRA","63733776","567.65","2897.71","53.03","45465.84","2393401943613"
"France","2012","FRA","64058465","567.58","2894.858","52.932","45190.879","2400896391731"
"France","2013","FRA","64387736","576.75","2925.053","52.58","45428.73","2414733629218"
"France","2014","FRA","64692495","566.31","2797.782","49.861","43247.398","2437822780219"
"France","2015","FRA","64916337","574.14","2823.427","50.689","43493.316","2464953810985"
"Germany","1985","DEU","77863423","522.534","4290.329","89.75","55100.695","1874769842531"
"Germany","1986","DEU","77923806","523.557","4254.676","90.125","54600.461","1916181384234"
"Germany","1987","DEU","78062321","532.442","4291.178","89.373","54971.184","1945055815890"
"Germany","1988","DEU","78385992","549.492","4305.766","88.433","54930.293","2009989460679"
"Germany","1989","DEU","79007062","559.873","4260.189","88.103","53921.629","2075675216851"
"Germany","1990","DEU","79707963","542.26","4192.642","88.603","52600.035","2015547498359"
"Germany","1991","DEU","80303190","536.02","4090.643","88.76","50939.98","2141316417831"
"Germany","1992","DEU","80934901","533.77","4009.338","87.524","49537.809","2204952392823"
"Germany","1993","DEU","81486771","520.72","3991.527","87.786","48983.738","2206290854718"
"Germany","1994","DEU","81773613","521.05","3954.172","87.697","48355.109","2283952742009"
"Germany","1995","DEU","82019890","530.72","3974.795","87.406","48461.355","2347761113534"
"Germany","1996","DEU","82263195","548.23","4105.846","87.437","49911.09","2391519573153"
"Germany","1997","DEU","82389631","546.37","4053.187","86.577","49195.352","2461046373781"
"Germany","1998","DEU","82011933","549.26","4019.632","86.926","49012.766","2535903706522"
"Germany","1999","DEU","81678279","549.27","3963.56","85.928","48526.492","2613176576967"
"Germany","2000","DEU","81797255","568.95","3988.179","85.4","48756.883","2718560455818"
"Germany","2001","DEU","81933882","578.94","4062.799","85.509","49586.312","2793373055251"
"Germany","2002","DEU","82068328","583.76","4011.723","85.327","48882.719","2822441773260"
"Germany","2003","DEU","82111619","602.03","4010.471","85.262","48841.699","2831676106520"
"Germany","2004","DEU","82092706","609.6","4009.893","84.342","48845.914","2894624877966"
"Germany","2005","DEU","82046733","613.34","3962.635","83.893","48297.293","2945460930734"
"Germany","2006","DEU","81701971","630.2","4062.387","83.134","49722.023","3086359147617"
"Germany","2007","DEU","81298546","631.1","3893.423","82.981","47890.441","3220275669650"
"Germany","2008","DEU","81110780","632.29","3934.666","82.445","48509.781","3289020399474"
"Germany","2009","DEU","80935276","587.96","3692.178","82.208","45618.898","3136502162046"
"Germany","2010","DEU","80830916","624.21","3847.151","81.963","47595.047","3301123203586"
"Germany","2011","DEU","80857877","605","3710.585","82.246","45890.207","3467712967640"
"Germany","2012","DEU","80916391","619.81","3761.916","81.681","46491.398","3482225441398"
"Germany","2013","DEU","81041581","629.69","3868.517","81.92","47734.965","3497463140441"
"Germany","2014","DEU","81376078","618.75","3710.465","80.45","45596.504","3574741315261"
"Germany","2015","DEU","82077546","639.17","3780.86","79.486","46064.484","3628073946157"
"Greece","1985","GRC","10037038","27.74","220.911","96.465","22009.533","147360306005"
"Greece","1986","GRC","10088766","28.237","221.38","95.93","21943.23","149738266153"
"Greece","1987","GRC","10134533","30.272","242.08","96.802","23886.674","149058782062"
"Greece","1988","GRC","10177007","33.394","255.601","97.423","25115.494","155690542546"
"Greece","1989","GRC","10218041","34.456","277.07","98.092","27115.736","161665833838"
"Greece","1990","GRC","10258494","34.2","287.312","98.286","28007.275","161708974933"
"Greece","1991","GRC","10306645","35.19","291.482","97.039","28281.008","167630714744"
"Greece","1992","GRC","10359895","36.76","296.618","97.926","28631.41","170259945599"
"Greece","1993","GRC","10412752","37.73","300.531","97.843","28861.805","168977989489"
"Greece","1994","GRC","10466266","40.02","305.643","97.6","29202.715","173829055414"
"Greece","1995","GRC","10519233","40.94","316.794","96.869","30115.697","178710456938"
"Greece","1996","GRC","10570083","42.17","324.801","96.24","30728.293","185480705042"
"Greece","1997","GRC","10622327","42.81","334.044","96.735","31447.324","195536972604"
"Greece","1998","GRC","10675411","45.7","354.773","97.029","33232.719","204984690770"
"Greece","1999","GRC","10727953","48.89","354.705","96.267","33063.609","213181329734"
"Greece","2000","GRC","10782638","52.94","373.052","96.908","34597.48","223530895992"
"Greece","2001","GRC","10843166","52.54","376.025","97.836","34678.547","234861781413"
"Greece","2002","GRC","10890287","53.36","376.371","97.379","34560.207","246267119689"
"Greece","2003","GRC","10918467","57.28","398.316","95.948","36480.949","262880256421"
"Greece","2004","GRC","10947369","58.22","398.232","95.95","36376.992","278667908011"
"Greece","2005","GRC","10981340","58.73","399.606","95.665","36389.562","282859759866"
"Greece","2006","GRC","11016107","59.41","411.306","94.851","37336.773","301538680337"
"Greece","2007","GRC","11045737","62.4","419.35","96.829","37964.91","314210147911"
"Greece","2008","GRC","11076874","62.18","411.585","96.092","37157.152","315974328109"
"Greece","2009","GRC","11108067","60.34","396.398","94.325","35685.582","305101334774"
"Greece","2010","GRC","11124666","56.61","378.437","92.304","34017.863","290984350750"
"Greece","2011","GRC","11108838","58.45","371.285","93.942","33422.445","266793942822"
"Greece","2012","GRC","11048291","59.91","349.302","92.033","31615.93","247887031358"
"Greece","2013","GRC","10967534","56.37","328.303","88.205","29934.105","241650188710"
"Greece","2014","GRC","10893169","49.62","307.91","89.255","28266.357","242799798246"
"Greece","2015","GRC","10820902","51.05","311.723","87.204","28807.496","242323725826"
"Hungary","1985","HUN","10547258","26.794","333.381","94.465","31608.328","111300347132"
"Hungary","1986","HUN","10511099","28.044","331.824","93.647","31568.957","113513156802"
"Hungary","1987","HUN","10475103","29.749","346.654","91.044","33093.109","115264971685"
"Hungary","1988","HUN","10440534","29.233","338.656","88.806","32436.686","117029097500"
"Hungary","1989","HUN","10403421","29.596","329.905","88.14","31711.219","114408742705"
"Hungary","1990","HUN","10381280","28.44","323.255","88","31138.303","106788855164"
"Hungary","1991","HUN","10378174","29.96","301.901","87.131","29090.016","95825225553"
"Hungary","1992","HUN","10371477","31.68","289.652","86.367","27927.746","94567780137"
"Hungary","1993","HUN","10356869","32.91","278.841","86.005","26923.32","95740692963"
"Hungary","1994","HUN","10339936","33.52","283.585","85.988","27426.154","100339331340"
"Hungary","1995","HUN","10322792","34.02","286.801","86.154","27783.232","104751822959"
"Hungary","1996","HUN","10302238","35.09","292.249","86.23","28367.492","106886865711"
"Hungary","1997","HUN","10278600","35.4","285.197","86.084","27746.697","112676520011"
"Hungary","1998","HUN","10251717","37.2","289.477","86.36","28236.934","119818720518"
"Hungary","1999","HUN","10219797","37.83","289.338","86.181","28311.498","126176462095"
"Hungary","2000","HUN","10190598","35.19","280.802","85.679","27555.037","134151505450"
"Hungary","2001","HUN","10166693","36.42","287.644","86.138","28292.807","142043461403"
"Hungary","2002","HUN","10138461","36.15","280.912","86.111","27707.572","151456660939"
"Hungary","2003","HUN","10108970","34.13","284.387","89.077","28132.156","160456137012"
"Hungary","2004","HUN","10085788","33.71","288.927","87.811","28646.92","171925388770"
"Hungary","2005","HUN","10065703","35.75","308.077","86.008","30606.633","183107031890"
"Hungary","2006","HUN","10049946","35.85","302.061","86.493","30055.938","194033322767"
"Hungary","2007","HUN","10034084","39.96","298.086","84.821","29707.297","198872162765"
"Hungary","2008","HUN","10016653","40.02","293.896","83.554","29340.787","204720371926"
"Hungary","2009","HUN","10001381","35.91","272.688","81.145","27265.072","195180908684"
"Hungary","2010","HUN","9979128","37.36","277.827","81.163","27840.814","200496589291"
"Hungary","2011","HUN","9946675","36.02","269.464","81.184","27090.857","208407605976"
"Hungary","2012","HUN","9916621","34.62","251.116","79.911","25322.736","205802052322"
"Hungary","2013","HUN","9889344","30.27","238.041","79.29","24070.496","209511661762"
"Hungary","2014","HUN","9862843","29.39","238.269","78.386","24158.225","218378634753"
"Hungary","2015","HUN","9839211","30.33","251.04","79.365","25514.207","226474616785"
"Iceland","1985","ISL","241414","3.837","18.41","39.842","76259.492","6274063966"
"Iceland","1986","ISL","243195","4.058","19.249","39.13","79152.242","6667649366"
"Iceland","1987","ISL","245864","4.152","19.856","39.633","80761.719","7236537224"
"Iceland","1988","ISL","249734","4.416","20.947","39.154","83876.32","7230172431"
"Iceland","1989","ISL","252861","4.475","21.678","40.43","85731.352","7241678454"
"Iceland","1990","ISL","254842","4.447","21.688","40.917","85104.047","7325718271"
"Iceland","1991","ISL","257817","4.425","21.188","39.705","82181.078","7288590266"
"Iceland","1992","ISL","261087","4.539","21.934","40.296","84010.953","7011078151"
"Iceland","1993","ISL","263760","4.721","22.785","40.223","86386.883","7076878574"
"Iceland","1994","ISL","266063","4.773","23.04","40.226","86596.031","7301854318"
"Iceland","1995","ISL","267516","4.976","23.782","39.667","88899.734","7280955133"
"Iceland","1996","ISL","268967","5.112","25.168","41.421","93572.672","7601917128"
"Iceland","1997","ISL","271194","5.58","26.403","38.957","97359.359","8108417582"
"Iceland","1998","ISL","274121","6.274","28.57","36.441","104224.273","8607334873"
"Iceland","1999","ISL","277450","7.184","31.3","33.434","112814.375","8919642339"
"Iceland","2000","ISL","281293","7.61","33.23","32.946","118131.695","9307402059"
"Iceland","2001","ISL","285058","7.96","33.6","31.014","117870.156","9632094658"
"Iceland","2002","ISL","287609","8.35","34.911","30.94","121384.805","9623436669"
"Iceland","2003","ISL","289616","8.44","35.086","30.991","121147.977","9810546928"
"Iceland","2004","ISL","292172","8.54","35.781","31.717","122464.852","10591927126"
"Iceland","2005","ISL","296852","8.61","35.904","31.888","120949.797","11206862490"
"Iceland","2006","ISL","303883","9.85","39.382","29.24","129596.773","11775508947"
"Iceland","2007","ISL","311662","11.89","45.02","25.663","144452.812","12798725464"
"Iceland","2008","ISL","317519","16.34","56.451","18.984","177787.047","13031114591"
"Iceland","2009","ISL","318619","16.71","56.355","17.509","176872.812","12031037299"
"Iceland","2010","ISL","318163","16.74","56.386","16.953","177223.719","11531450215"
"Iceland","2011","ISL","319139","16.85","56.377","16.68","176654.859","11716753534"
"Iceland","2012","ISL","320851","17.29","56.898","16.301","177335.031","11841375384"
"Iceland","2013","ISL","323891","17.99","58.717","16.719","181285.359","12380449213"
"Iceland","2014","ISL","327517","17.8","58.63","16.988","179012.797","12589333385"
"Iceland","2015","ISL","330962","18.55","61.207","17.832","184937.594","13147880818"
"India","1985","IND","772647800","186.386","1584.263","90.065","2050.433","1298600000000"
"India","1986","IND","790689977","202.677","1695.591","90.511","2144.444","1353105000000"
"India","1987","IND","808931268","223.669","1802.854","91.594","2228.686","1412884000000"
"India","1988","IND","827342994","241.305","1962.302","91.364","2371.811","1560090000000"
"India","1989","IND","846039528","272.446","2143.414","91.219","2533.468","1663728000000"
"India","1990","IND","864972221","287.763","2300.701","91.155","2659.855","1750993000000"
"India","1991","IND","883927605","320.458","2427.663","90.846","2746.45","1768493598375"
"India","1992","IND","902957075","337.153","2552.772","91.613","2827.125","1851711465033"
"India","1993","IND","922118380","362.176","2616.248","91.747","2837.215","1944353884791"
"India","1994","IND","941163772","387.967","2757.121","91.312","2929.481","2055026658036"
"India","1995","IND","960301046","427.149","2963.118","92.025","3085.614","2189535837458"
"India","1996","IND","979678460","443.205","3081.631","92.831","3145.554","2345228680352"
"India","1997","IND","999133764","469.154","3252.01","92.934","3254.829","2426804815330"
"India","1998","IND","1018665080","505.078","3449.497","92.109","3386.291","2567853125008"
"India","1999","IND","1038225822","547.362","3546.363","92.264","3415.791","2710353015518"
"India","2000","IND","1057922731","571.39","3725.401","92.778","3521.43","2804478499774"
"India","2001","IND","1077898579","586.09","3740.874","92.907","3470.525","2940745466088"
"India","2002","IND","1097600380","609.64","3870.809","93.408","3526.61","3024984520809"
"India","2003","IND","1116803000","638.13","4008.71","93.619","3589.451","3251114494190"
"India","2004","IND","1135991509","698.32","4352.651","91.784","3831.588","3495022816540"
"India","2005","IND","1154676321","704.52","4608.417","92.603","3991.09","3752627653422"
"India","2006","IND","1172878888","744.43","4854.867","91.891","4139.273","4069856052453"
"India","2007","IND","1190676028","796.26","5268.96","91.819","4425.184","4403215224414"
"India","2008","IND","1207930960","828.41","5576.529","92.564","4616.596","4649548164533"
"India","2009","IND","1225524764","878.63","5988.39","93.296","4886.388","4993478894185"
"India","2010","IND","1243481565","936.39","6247.89","92.977","5024.514","5361371354007"
"India","2011","IND","1261224956","1032.32","6587.01","91.76","5222.708","5720692888000"
"India","2012","IND","1278674501","1088.42","6937.768","92.556","5425.75","6052427493607"
"India","2013","IND","1295829507","1141.23","7163.062","92.056","5527.781","6424470752490"
"India","2014","IND","1312277184","1258.68","7652.732","92.013","5831.643","6875186158349"
"India","2015","IND","1328024494","1310.56","7892.49","92.41","5943.03","7391521519812"
"Indonesia","1985","IDN","166776183","16.369","412.985","98.137","2476.281","515643133687"
"Indonesia","1986","IDN","170175065","18.415","441.025","97.189","2591.599","545914214562"
"Indonesia","1987","IDN","173511157","20.72","465.495","97.26","2682.797","572866984531"
"Indonesia","1988","IDN","176855071","24.807","491.403","97.149","2778.564","605642460937"
"Indonesia","1989","IDN","180201638","28.487","544.869","96.792","3023.664","660041602546"
"Indonesia","1990","IDN","183501097","33.115","600.179","96.403","3270.71","718548888843"
"Indonesia","1991","IDN","186778239","38.103","652.938","96.339","3495.795","786440054225"
"Indonesia","1992","IDN","190043742","40.284","716.86","95.781","3772.081","841780430872"
"Indonesia","1993","IDN","193305169","39.707","763.843","96.314","3951.486","912702668892"
"Indonesia","1994","IDN","196591829","45.928","799.647","96.596","4067.548","986200274496"
"Indonesia","1995","IDN","199888055","54.121","870.284","96.555","4353.857","1072204353033"
"Indonesia","1996","IDN","203204353","58.868","933.146","96.585","4592.158","1161281457768"
"Indonesia","1997","IDN","206536089","70.691","1012.695","97.549","4903.236","1221454544616"
"Indonesia","1998","IDN","209826791","76.693","995.569","96.073","4744.717","1066065643776"
"Indonesia","1999","IDN","213004667","83.971","1086.986","96.212","5103.107","1079382527522"
"Indonesia","2000","IDN","216077789","98.04","1164.199","96.301","5387.869","1138300071768"
"Indonesia","2001","IDN","219097905","106.16","1246.685","95.904","5690.083","1185220908414"
"Indonesia","2002","IDN","222088499","113.04","1281.019","96.353","5768.058","1244249942443"
"Indonesia","2003","IDN","225048005","117.39","1391.678","96.805","6183.915","1309811268640"
"Indonesia","2004","IDN","227926649","124.78","1376.724","96.585","6040.208","1387446383159"
"Indonesia","2005","IDN","230871648","132.89","1416.892","96.506","6137.142","1474875329634"
"Indonesia","2006","IDN","233951650","138","1441.128","96.766","6159.938","1565012923832"
"Indonesia","2007","IDN","237062338","148.4","1546.681","96.626","6524.362","1674227359084"
"Indonesia","2008","IDN","240157902","155.9","1564.584","96.38","6514.816","1809491142510"
"Indonesia","2009","IDN","243220024","162.87","1607.271","96.264","6608.3","1905717479305"
"Indonesia","2010","IDN","246305327","177.56","1739.49","95.583","7062.331","2039334560589"
"Indonesia","2011","IDN","249470029","191.88","1837.594","96.446","7365.991","2178184530109"
"Indonesia","2012","IDN","252698525","208.96","1937.146","96.423","7665.836","2309530044109"
"Indonesia","2013","IDN","255852464","225.18","1824.511","95.466","7131.105","2437876929100"
"Indonesia","2014","IDN","258877395","237.54","1856.634","95.292","7171.866","2559933272409"
"Indonesia","2015","IDN","261799249","243.28","1896.461","95.997","7243.952","2684763880628"
"Iran","1985","IRN","49582289","38.915","643.941","97.451","12987.326","330378097328"
"Iran","1986","IRN","51446046","42.186","603.273","96.747","11726.332","299361778375"
"Iran","1987","IRN","53323491","45.062","646.76","96.636","12128.986","294831460492"
"Iran","1988","IRN","55072691","46.97","659.579","96.519","11976.522","278182811296"
"Iran","1989","IRN","56704920","51.431","720.975","97.402","12714.513","288903877046"
"Iran","1990","IRN","58380098","57.655","811.283","97.469","13896.569","318478243281"
"Iran","1991","IRN","59986931","62.814","880.229","98.229","14673.675","376283104666"
"Iran","1992","IRN","61184982","67.178","973.424","97.369","15909.522","424984709524"
"Iran","1993","IRN","61403548","74.686","900.748","96.745","14669.319","419990120256"
"Iran","1994","IRN","61520598","81.004","1008.745","98.099","16396.867","419488447798"
"Iran","1995","IRN","62205571","84.353","1057.944","97.812","17007.227","437566117340"
"Iran","1996","IRN","62881298","89.74","1150.883","97.87","18302.475","483475486274"
"Iran","1997","IRN","63639637","96.983","1186.134","98.607","18638.291","512736336735"
"Iran","1998","IRN","64519866","102.385","1235.507","98.315","19149.244","541099749969"
"Iran","1999","IRN","65445389","110.088","1331.568","98.919","20346.25","563869043718"
"Iran","2000","IRN","66418661","119.35","1396.568","99.24","21026.74","595554549032"
"Iran","2001","IRN","67452005","127.59","1492.142","99.23","22121.531","636570203280"
"Iran","2002","IRN","68011318","138.23","1626.368","98.644","23913.191","698059655739"
"Iran","2003","IRN","68769343","151.65","1656.195","98.416","24083.326","779969698412"
"Iran","2004","IRN","70256316","162.76","1831.958","98.226","26075.348","849441950372"
"Iran","2005","IRN","71828455","177.07","1940.3","97.986","27012.971","908856025194"
"Iran","2006","IRN","73392747","193.43","2120.271","97.647","28889.373","995245162302"
"Iran","2007","IRN","74602648","203.12","2253.991","97.861","30213.291","1098784519617"
"Iran","2008","IRN","75514201","210.49","2323.367","99.133","30767.291","1132365762681"
"Iran","2009","IRN","76457831","221.81","2379.29","99.233","31118.98","1208128386676"
"Iran","2010","IRN","77420851","235.68","2458.393","98.894","31753.627","1310507059384"
"Iran","2011","IRN","78383602","235.59","2554.118","98.88","32584.848","1345049307937"
"Iran","2012","IRN","79370583","248.74","2573.836","98.57","32428.09","1324570752684"
"Iran","2013","IRN","80414689","258.86","2674.244","98.169","33255.664","1287095594893"
"Iran","2014","IRN","81502045","275.63","2787.064","98.279","34196.25","1352737013920"
"Iran","2015","IRN","82619365","280.24","2762.903","98.449","33441.344","1331012211481"
"Iraq","1985","IRQ","15683431","20.973","143.242","98.816","9133.321","98367610894"
"Iraq","1986","IRQ","16074146","22.287","164.987","98.989","10264.131","97354060343"
"Iraq","1987","IRQ","16521051","22.51","194.644","96.281","11781.582","100119382570"
"Iraq","1988","IRQ","16908823","23.45","225.401","96.789","13330.395","78971519267"
"Iraq","1989","IRQ","17364553","23.86","255.917","97.173","14737.913","71995360828"
"Iraq","1990","IRQ","17581208","28.373","237.703","94.547","13520.282","71051759191"
"Iraq","1991","IRQ","17767257","13.359","150.016","96.018","8443.392","26538332738"
"Iraq","1992","IRQ","18300849","21.912","238.057","93.886","13007.975","36550621836"
"Iraq","1993","IRQ","19201195","27.09","316.307","94.57","16473.32","39244447591"
"Iraq","1994","IRQ","20139818","26.663","358.035","95.138","17777.477","39993906175"
"Iraq","1995","IRQ","20825859","26.498","356.69","94.436","17127.242","39049963235"
"Iraq","1996","IRQ","21501321","25.981","357.091","94.935","16607.871","47130675910"
"Iraq","1997","IRQ","22176604","26.693","423.291","95.651","19087.279","48594367863"
"Iraq","1998","IRQ","22884402","26.744","317.731","94.563","13884.171","59869187777"
"Iraq","1999","IRQ","23636530","24.721","229.24","95.675","9698.544","69697267568"
"Iraq","2000","IRQ","24424060","31.9","322.613","97.243","13208.813","83019213791"
"Iraq","2001","IRQ","25197842","32.25","360.394","97.158","14302.593","97219510326"
"Iraq","2002","IRQ","26006558","33.86","342.539","96.344","13171.254","112141846978"
"Iraq","2003","IRQ","26802660","28.33","304.022","95.726","11342.992","94480598969"
"Iraq","2004","IRQ","27577876","32.29","326.009","95.206","11821.411","155937247290"
"Iraq","2005","IRQ","28407450","30.4","308.267","95.721","10851.643","170895694120"
"Iraq","2006","IRQ","28616518","33.83","299.632","95.534","10470.602","190082841273"
"Iraq","2007","IRQ","28391606","33.24","302.161","95.971","10642.609","200529416438"
"Iraq","2008","IRQ","28971042","36.88","345.879","97.76","11938.793","231588128927"
"Iraq","2009","IRQ","30058207","37.85","339.481","97.809","11294.105","259745648872"
"Iraq","2010","IRQ","31045367","48.91","392.266","97.596","12635.254","297507194079"
"Iraq","2011","IRQ","32161425","53.9","405.1","97.823","12595.847","344220720679"
"Iraq","2012","IRQ","33654843","46.02","441.304","97.428","13112.636","392191319237"
"Iraq","2013","IRQ","35281987","58.9","485.448","97.544","13759.076","422107689937"
"Iraq","2014","IRQ","36550058","69.03","477.195","98.456","13055.939","425222855485"
"Iraq","2015","IRQ","37560535","70.64","471.319","98.6","12548.263","436010743372"
"Ireland","1985","IRL","3531275","12.088","99.538","97.66","28187.51","52512360000"
"Ireland","1986","IRL","3541875","12.652","107.503","97.622","30351.934","52286104000"
"Ireland","1987","IRL","3540382","13.064","108.719","98.245","30708.326","54719772690"
"Ireland","1988","IRL","3525092","13.228","108.199","97.757","30693.938","57578366393"
"Ireland","1989","IRL","3511070","13.833","111.472","98.259","31748.863","60929426753"
"Ireland","1990","IRL","3514015","14.21","117.886","98.356","33547.477","66087470680"
"Ireland","1991","IRL","3534258","14.91","122.462","98.306","34649.891","67931954747"
"Ireland","1992","IRL","3558417","15.76","123.019","98.142","34571.199","71260987727"
"Ireland","1993","IRL","3576118","16.12","125.626","98.273","35129.172","73767381672"
"Ireland","1994","IRL","3590162","16.79","130.936","98.005","36470.648","78958775461"
"Ireland","1995","IRL","3610695","17.57","133.621","98.483","37006.93","87444502170"
"Ireland","1996","IRL","3638507","18.87","141.037","98.489","38762.234","96380321753"
"Ireland","1997","IRL","3672287","19.65","145.73","98.437","39683.773","108003078862"
"Ireland","1998","IRL","3711075","20.85","156.805","97.906","42253.375","118588811316"
"Ireland","1999","IRL","3752938","21.72","165.537","98.093","44108.691","132916954385"
"Ireland","2000","IRL","3802589","23.63","173.349","98.08","45587.059","147722370991"
"Ireland","2001","IRL","3862981","24.59","183.168","98.43","47416.109","158384851025"
"Ireland","2002","IRL","3928441","24.8","181.354","97.894","46164.363","169226186783"
"Ireland","2003","IRL","3992935","24.83","176.855","98.225","44291.898","177468844871"
"Ireland","2004","IRL","4066066","25.2","180.362","97.877","44357.832","191402766075"
"Ireland","2005","IRL","4155283","25.6","188.174","97.284","45285.484","204898243531"
"Ireland","2006","IRL","4268775","27.1","194.294","96.549","45515.262","219162994472"
"Ireland","2007","IRL","4393518","28.36","197.324","96.066","44912.613","230371638354"
"Ireland","2008","IRL","4485992","29.93","196.379","94.797","43776.055","223067117042"
"Ireland","2009","IRL","4533750","27.98","176.612","93.296","38954.852","215181048184"
"Ireland","2010","IRL","4559084","28.16","178.3","93.851","39108.832","221852442105"
"Ireland","2011","IRL","4579603","27.2","170.262","90.968","37178.258","224397469453"
"Ireland","2012","IRL","4600135","27.16","167.469","91.139","36405.145","217871560184"
"Ireland","2013","IRL","4624686","25.62","164.997","90.352","35677.523","222738952818"
"Ireland","2014","IRL","4658236","25.86","164.553","89.062","35325.18","236178350686"
"Ireland","2015","IRL","4702497","28.16","173.913","87.494","36983.117","249955928768"
"Israel","1985","ISR","4105362","15.431","98.253","99.994","23932.822","75693883804"
"Israel","1986","ISR","4168966","16.034","103.353","99.984","24791.057","79316328300"
"Israel","1987","ISR","4236875","17.677","110.834","99.975","26159.48","85032772945"
"Israel","1988","ISR","4307324","19.353","118.79","99.977","27578.678","86737062375"
"Israel","1989","ISR","4381512","20.453","124.276","99.993","28363.648","87503240711"
"Israel","1990","ISR","4544995","20.898","129.135","99.994","28412.639","93268265028"
"Israel","1991","ISR","4779892","21.514","131.278","99.987","27464.557","97235343963"
"Israel","1992","ISR","4957240","24.686","153.197","99.947","30903.604","103860017405"
"Israel","1993","ISR","5086041","26","166.366","99.957","32710.389","107424032339"
"Israel","1994","ISR","5216697","28.316","173.569","99.963","33271.812","114572102371"
"Israel","1995","ISR","5354734","30.437","195.208","99.964","36455.285","125219738356"
"Israel","1996","ISR","5499555","32.569","202.297","99.967","36784.227","131748252991"
"Israel","1997","ISR","5646476","35.111","221.213","99.969","39177.164","136529502967"
"Israel","1998","ISR","5790143","37.976","232.794","99.97","40205.156","141524295423"
"Israel","1999","ISR","5946079","39.228","241.272","99.962","40576.605","146070391087"
"Israel","2000","ISR","6111194","42.66","227.371","99.962","37205.684","158656383479"
"Israel","2001","ISR","6259977","43.95","227.212","99.976","36296.055","158567053954"
"Israel","2002","ISR","6387714","45.5","231.783","99.912","36285.676","158018046039"
"Israel","2003","ISR","6502821","47.04","238.836","99.901","36728.059","159162904545"
"Israel","2004","ISR","6615084","47.28","243.489","99.906","36808.152","166466423998"
"Israel","2005","ISR","6728212","48.61","244.649","99.883","36361.738","172697410123"
"Israel","2006","ISR","6844029","50.56","245.96","99.932","35937.852","181910800706"
"Israel","2007","ISR","6962456","53.79","255.085","99.94","36637.172","192596811708"
"Israel","2008","ISR","7082621","56.79","262.427","99.931","37052.305","197785749719"
"Israel","2009","ISR","7206096","54.73","254.956","99.851","35380.598","199771084186"
"Israel","2010","ISR","7336735","58.55","265.059","99.778","36127.625","210327630432"
"Israel","2011","ISR","7471023","59.6","270.062","99.647","36147.91","220210380263"
"Israel","2012","ISR","7607781","63.01","282.727","99.498","37162.938","225909436249"
"Israel","2013","ISR","7749369","61.32","267.183","99.417","34478.062","235885601546"
"Israel","2014","ISR","7897173","60.86","260.622","99.013","33001.949","245129958334"
"Israel","2015","ISR","8052916","64.23","275.029","98.731","34152.684","251223879854"
"Italy","1985","ITA","56855499","185.74","1636.66","91.255","28786.316","1274693666324"
"Italy","1986","ITA","56875982","192.33","1681.007","91.162","29555.652","1310891922914"
"Italy","1987","ITA","56891919","201.372","1731.074","93.022","30427.41","1351528447250"
"Italy","1988","ITA","56928748","203.561","1773.738","93.016","31157.166","1403770038566"
"Italy","1989","ITA","56976750","210.75","1824.944","94.228","32029.633","1444197021007"
"Italy","1990","ITA","57031457","213.15","2152.229","95.432","37737.582","1475485283347"
"Italy","1991","ITA","57075394","218.43","2090.716","93.875","36630.781","1509175668697"
"Italy","1992","ITA","57124993","222.68","2101.066","93.871","36780.156","1531924051790"
"Italy","1993","ITA","57170762","219.74","2068.863","93.846","36187.422","1529550155063"
"Italy","1994","ITA","57420136","228.75","2064.182","93.426","35948.75","1573414707872"
"Italy","1995","ITA","57403342","237.37","2167.477","94.614","37758.719","1630199200435"
"Italy","1996","ITA","57162098","239.39","2176.345","94.017","38073.223","1662793011167"
"Italy","1997","ITA","57189272","246.5","2197.644","94.072","38427.555","1705188033729"
"Italy","1998","ITA","57215190","253.66","2202.06","94.041","38487.336","1744897501196"
"Italy","1999","ITA","57240796","259.25","2214.889","93.457","38694.242","1784529161518"
"Italy","2000","ITA","57272200","269.94","2100.08","93.147","36668.406","1863751547560"
"Italy","2001","ITA","57305760","271.9","2096.657","92.705","36587.203","1910272015654"
"Italy","2002","ITA","57420636","277.53","2101.486","93.547","36598.094","1929301903714"
"Italy","2003","ITA","57739697","286.27","2170.052","93.94","37583.359","1947667703883"
"Italy","2004","ITA","58176736","293.71","2224.656","93.107","38239.617","1994293720592"
"Italy","2005","ITA","58519696","294.63","2222.93","93.839","37986.016","2029243417217"
"Italy","2006","ITA","58754434","305.61","2221.864","93.573","37816.105","2086553648584"
"Italy","2007","ITA","59108723","306.17","2175.28","93.827","36801.336","2134371774096"
"Italy","2008","ITA","59561687","311.57","2150.094","92.197","36098.609","2129113318512"
"Italy","2009","ITA","59904016","286.36","1994.81","89.873","33300.102","2029023036275"
"Italy","2010","ITA","60164212","296.63","2062.27","89.079","34277.355","2080545936781"
"Italy","2011","ITA","60367882","298.37","2020.391","88.088","33467.977","2110883320816"
"Italy","2012","ITA","60531522","295.25","1959.975","86.501","32379.41","2047959835066"
"Italy","2013","ITA","60653864","286.02","1863.063","83.04","30716.307","2010255414011"
"Italy","2014","ITA","60664169","276.53","1816.316","81.483","29940.508","2010164047423"
"Italy","2015","ITA","60575314","279.7","1838.465","83.34","30350.078","2025809415322"
"Japan","1985","JPN","120832158","671.953","4481.088","83.997","37085.23","2950873707304"
"Japan","1986","JPN","121366733","676.363","4475.038","83.664","36872.027","3036325916250"
"Japan","1987","JPN","121943588","719.085","4670.11","83.253","38297.301","3162653763750"
"Japan","1988","JPN","122476957","753.728","4927.338","84.004","40230.734","3358737909000"
"Japan","1989","JPN","122947411","799.769","5060.553","83.621","41160.309","3520997607500"
"Japan","1990","JPN","123399767","881.5","5184.285","84.152","42012.113","3699821545804"
"Japan","1991","JPN","123889870","911.303","5363.508","83.532","43292.547","3824677506935"
"Japan","1992","JPN","124383707","916.787","5426.293","84.028","43625.438","3856515730401"
"Japan","1993","JPN","124839955","926.103","5516.979","82.109","44192.41","3860865231367"
"Japan","1994","JPN","125286861","984.493","5718.397","83.509","45642.43","3893220587047"
"Japan","1995","JPN","125672659","1010.88","5911.905","81.966","47042.098","3997430939864"
"Japan","1996","JPN","125975304","1029.857","6029.414","81.898","47861.875","4118875121023"
"Japan","1997","JPN","126265926","1054.864","6146.964","80.632","48682.684","4160709430865"
"Japan","1998","JPN","126549182","1059.663","6049.681","79.983","47804.98","4111245191910"
"Japan","1999","JPN","126801566","1079.142","6144.011","80.914","48453.75","4098283065888"
"Japan","2000","JPN","127027794","1099.67","6253.324","81.144","49227.996","4209651870326"
"Japan","2001","JPN","127260144","1083.14","6185.704","81.102","48606.762","4224163277272"
"Japan","2002","JPN","127484599","1103.07","6165.896","81.446","48365.816","4226576076119"
"Japan","2003","JPN","127671254","1092.59","6162.913","84.68","48271.73","4288493482445"
"Japan","2004","JPN","127815769","1121.19","6247.106","82.513","48875.867","4380398118363"
"Japan","2005","JPN","127913331","1153.07","6353.936","83.02","49673.758","4450600710060"
"Japan","2006","JPN","127997247","1164.35","6336.102","82.081","49501.863","4514225078439"
"Japan","2007","JPN","128087683","1180.11","6275.421","83.623","48993.164","4590814009043"
"Japan","2008","JPN","128155992","1183.7","6158.084","84.603","48051.477","4542408020234"
"Japan","2009","JPN","128192471","1114.02","5622.332","82.359","43858.52","4298103109270"
"Japan","2010","JPN","128185273","1156.04","5983.169","81.799","46675.945","4480295644398"
"Japan","2011","JPN","128096430","1104.2","5669.594","87.076","44260.359","4468738319171"
"Japan","2012","JPN","127928283","1106.88","5615.285","93.793","43894.004","4530172048567"
"Japan","2013","JPN","127723642","1087.76","5576.221","93.499","43658.484","4621006950566"
"Japan","2014","JPN","127486601","1062.72","5431.795","93.396","42606.789","4634693421103"
"Japan","2015","JPN","127275868","1030.12","5363.261","92.1","42138.867","4707025000790"
"Kazakhstan","1985","KAZ","16031087","81.263","796.027","98.18","49655.234","182290341220"
"Kazakhstan","1986","KAZ","16262697","85.094","814.251","98.367","50068.605","184592275171"
"Kazakhstan","1987","KAZ","16527717","88.49","832.595","98.085","50375.672","183469482799"
"Kazakhstan","1988","KAZ","16781167","88.417","862.957","97.746","51424.16","198629916031"
"Kazakhstan","1989","KAZ","16997012","89.657","849.496","97.579","49979.137","197669316430"
"Kazakhstan","1990","KAZ","17154060","87.379","859.425","97.616","50100.41","194940979656"
"Kazakhstan","1991","KAZ","17278604","85.99","858.537","97.492","49687.891","174429524072"
"Kazakhstan","1992","KAZ","17332624","83.166","847.475","97.594","48894.812","166043944401"
"Kazakhstan","1993","KAZ","17274487","77.889","748.154","96.996","43309.75","151572718863"
"Kazakhstan","1994","KAZ","17043775","66.777","666.421","96.006","39100.562","133221794942"
"Kazakhstan","1995","KAZ","16730541","66.739","598.716","96.088","35785.812","122950929776"
"Kazakhstan","1996","KAZ","16416036","58.747","521.202","96.036","31749.574","124225924285"
"Kazakhstan","1997","KAZ","16043250","52","459.578","95.88","28646.211","127005576762"
"Kazakhstan","1998","KAZ","15647789","49.8","433.003","95.994","27671.828","125251820898"
"Kazakhstan","1999","KAZ","15455877","47.3","406.961","95.803","26330.492","129322680226"
"Kazakhstan","2000","KAZ","15501108","51.64","369.747","94.321","23852.965","142758090799"
"Kazakhstan","2001","KAZ","15575550","55.38","416.192","94.618","26720.834","162896083567"
"Kazakhstan","2002","KAZ","15656680","58.33","423.944","94.233","27077.492","179807015103"
"Kazakhstan","2003","KAZ","15747377","63.86","464.691","94.926","29509.088","197584132991"
"Kazakhstan","2004","KAZ","15850164","66.95","490.623","95.537","30953.795","217713169930"
"Kazakhstan","2005","KAZ","15968118","67.92","504.625","95.804","31602.055","240059743236"
"Kazakhstan","2006","KAZ","16103718","71.66","543.391","96.168","33743.172","267135182235"
"Kazakhstan","2007","KAZ","16257212","76.62","602.888","96.387","37084.332","292456722644"
"Kazakhstan","2008","KAZ","16426527","80.35","635.432","96.896","38683.312","303717015928"
"Kazakhstan","2009","KAZ","16619851","78.73","569.006","96.82","34236.527","309012285175"
"Kazakhstan","2010","KAZ","16836808","82.65","611.195","96.574","36301.137","333341740713"
"Kazakhstan","2011","KAZ","17065996","86.58","694.016","97.052","40666.574","360244945296"
"Kazakhstan","2012","KAZ","17306115","90.62","729.853","97.297","42173.152","378260779954"
"Kazakhstan","2013","KAZ","17556502","92.61","731.605","97.291","41671.484","400574375261"
"Kazakhstan","2014","KAZ","17816285","94.64","769.111","97.257","43168.984","417799078586"
"Kazakhstan","2015","KAZ","18084175","91.65","635.91","96.23","35163.887","421977118608"
"Kuwait","1985","KWT","1894255","15.417","120.555","100","63642.477","22552704029"
"Kuwait","1986","KWT","1972520","16.935","138.048","100","69985.805","24471405085"
"Kuwait","1987","KWT","2053007","18.092","127.516","100","62111.918","23484703343"
"Kuwait","1988","KWT","2134708","19.599","143.994","100","67453.562","24303263290"
"Kuwait","1989","KWT","2217470","21.085","155.05","100","69922.156","26123150748"
"Kuwait","1990","KWT","1684833","18.477","91.493","100","54303.703","20899601193"
"Kuwait","1991","KWT","1351403","10.78","46.121","100","34128.016","5968350535"
"Kuwait","1992","KWT","1634968","16.885","81.675","100","49955.27","18278670155"
"Kuwait","1993","KWT","1672158","20.178","100.173","100","59906.363","29845167808"
"Kuwait","1994","KWT","1664371","22.802","116.934","100","70257.469","38842906079"
"Kuwait","1995","KWT","1681518","23.724","150.55","100","89532.055","46090594401"
"Kuwait","1996","KWT","1730255","25.475","149.02","100","86126.094","51809716654"
"Kuwait","1997","KWT","1787692","26.724","155.051","100","86732.641","57062986447"
"Kuwait","1998","KWT","1844308","29.984","190.984","100","103553.047","62305861237"
"Kuwait","1999","KWT","1900035","31.576","198.265","100","104348.141","64236405197"
"Kuwait","2000","KWT","1954713","32.33","218.162","100","111608.148","71053965539"
"Kuwait","2001","KWT","2008127","34.3","219.821","100","109465.539","75867443155"
"Kuwait","2002","KWT","2059983","36.37","232.87","100","113044.562","83636154969"
"Kuwait","2003","KWT","2109886","39.8","278.113","100","131814.344","104974065782"
"Kuwait","2004","KWT","2157329","41.26","309.895","100","143647.453","123477836787"
"Kuwait","2005","KWT","2236797","43.73","341.361","100","152611.672","142799938874"
"Kuwait","2006","KWT","2364741","47.6","328.633","100","138972.203","159619963672"
"Kuwait","2007","KWT","2507890","48.75","319.664","100","127463.469","174545824817"
"Kuwait","2008","KWT","2651433","51.75","345.306","100","130233.758","183755530386"
"Kuwait","2009","KWT","2795489","53.22","350.161","100","125259.391","175302339443"
"Kuwait","2010","KWT","2943374","57.03","405.019","100","137603.578","176036955078"
"Kuwait","2011","KWT","3132815","57.46","409.911","100","130844.328","201228682118"
"Kuwait","2012","KWT","3337025","61.12","422.8","100","126699.711","214560063974"
"Kuwait","2013","KWT","3507755","60.99","448.585","100","127883.844","217029672079"
"Kuwait","2014","KWT","3665769","65.15","437.235","99.998","119275.031","218112639263"
"Kuwait","2015","KWT","3834465","68.3","468.668","99.997","122225.258","219406044434"
"Latvia","1985","LVA","2579237","4.961","106.289","92.176","41209.336","37201218983"
"Latvia","1986","LVA","2599784","5.184","98.769","91.514","37991.066","38189519598"
"Latvia","1987","LVA","2625969","5.937","90.123","88.514","34319.852","38039138662"
"Latvia","1988","LVA","2652250","5.11","85.057","90.138","32069.686","39628013214"
"Latvia","1989","LVA","2664839","5.801","85.037","88.13","31910.703","41772727533"
"Latvia","1990","LVA","2660131","6.65","86.61","85.445","32558.719","42100704929"
"Latvia","1991","LVA","2648933","5.65","79.678","88.498","30079.197","36517762608"
"Latvia","1992","LVA","2614833","3.84","57.303","87.682","21914.455","24594371373"
"Latvia","1993","LVA","2563820","3.93","49.468","83.68","19294.713","21610169740"
"Latvia","1994","LVA","2521238","4.44","47.913","80.599","19003.898","21908377653"
"Latvia","1995","LVA","2485948","3.99","44.847","81.593","18040.334","21602325855"
"Latvia","1996","LVA","2457907","3.12","41.744","87.517","16983.689","21944517346"
"Latvia","1997","LVA","2433229","4.51","42.029","80.221","17272.965","23733281647"
"Latvia","1998","LVA","2410217","5.8","45.763","73.34","18987.279","25089221158"
"Latvia","1999","LVA","2390822","4.11","38.885","80.037","16264.097","25549229736"
"Latvia","2000","LVA","2368320","4.14","38.056","79.109","16068.618","26727290777"
"Latvia","2001","LVA","2338299","4.27","40.966","80.618","17519.527","28242589693"
"Latvia","2002","LVA","2311358","3.97","41.313","83.332","17873.787","30014856985"
"Latvia","2003","LVA","2288983","3.97","40.831","84.217","17838.24","32298352002"
"Latvia","2004","LVA","2264179","4.69","45.924","80.879","20282.883","34720425840"
"Latvia","2005","LVA","2239787","4.92","47.371","80.27","21149.693","38143684659"
"Latvia","2006","LVA","2219039","4.89","44.934","83.116","20249.385","42361248688"
"Latvia","2007","LVA","2200774","4.76","46.306","83.503","21040.67","46228816935"
"Latvia","2008","LVA","2177710","5.27","46.6","81.506","21398.684","44217430207"
"Latvia","2009","LVA","2142044","5.57","44.078","78.384","20577.336","37590730012"
"Latvia","2010","LVA","2097834","6.63","49.96","80.113","23815.148","35881177042"
"Latvia","2011","LVA","2059940","6.09","44.637","81.14","21669.318","37869724459"
"Latvia","2012","LVA","2034639","6.17","46.287","75.977","22749.254","40536567235"
"Latvia","2013","LVA","2013004","6.2","44.583","78.269","22147.385","41350512828"
"Latvia","2014","LVA","1994153","5.14","41.015","81.042","20567.852","42137028688"
"Latvia","2015","LVA","1977874","5.54","42.114","81.337","21292.598","43774190659"
"Lithuania","1985","LTU","3562393","20.962","180.693","84.769","50722.402","47660893950"
"Lithuania","1986","LTU","3593782","22.416","166.729","82.828","46393.746","49468977771"
"Lithuania","1987","LTU","3627368","22.755","174.668","84.765","48152.828","50529333248"
"Lithuania","1988","LTU","3672653","26","183.32","79.913","49914.766","54561830724"
"Lithuania","1989","LTU","3696107","29.158","198.573","76.039","53724.773","54088606250"
"Lithuania","1990","LTU","3695016","28.4","196.066","75.143","53062.188","51021989460"
"Lithuania","1991","LTU","3701408","29.37","206.558","76.562","55805.352","47786759590"
"Lithuania","1992","LTU","3697552","18.55","131.355","68.162","35524.789","37159351315"
"Lithuania","1993","LTU","3680201","13.93","103.416","65.748","28100.664","30736278642"
"Lithuania","1994","LTU","3654893","9.76","89.101","74.411","24378.572","27661451474"
"Lithuania","1995","LTU","3627038","13.52","99.369","65.643","27396.791","29216540607"
"Lithuania","1996","LTU","3599721","16.24","108.301","63.101","30085.943","30721763295"
"Lithuania","1997","LTU","3573418","14.39","100.435","65.665","28106.1","33267370320"
"Lithuania","1998","LTU","3547768","17.15","107.84","63.715","30396.541","35744382405"
"Lithuania","1999","LTU","3522905","13.08","88.175","67.382","25028.938","35335381903"
"Lithuania","2000","LTU","3500410","11.13","78.499","68.783","22425.547","36684799266"
"Lithuania","2001","LTU","3473008","14.36","90.348","63.979","26014.41","39077069410"
"Lithuania","2002","LTU","3444051","17.29","97.976","59.066","28448.023","41716677051"
"Lithuania","2003","LTU","3415276","18.82","102.23","57.443","29933.268","46106059871"
"Lithuania","2004","LTU","3376703","18.75","103.367","58.913","30611.701","49123583277"
"Lithuania","2005","LTU","3322264","14.42","94.338","68.961","28395.758","52913078254"
"Lithuania","2006","LTU","3269809","12.07","89.705","72.48","27434.281","56827410871"
"Lithuania","2007","LTU","3231378","13.46","99.092","71.222","30665.432","63122228308"
"Lithuania","2008","LTU","3198482","13.33","97.826","70.728","30585.244","64776249050"
"Lithuania","2009","LTU","3163255","14.64","90.027","65.374","28460.291","55174536683"
"Lithuania","2010","LTU","3097721","5","66.198","95.506","21369.939","56073777524"
"Lithuania","2011","LTU","3028642","4.25","68.697","94.911","22682.41","59460372771"
"Lithuania","2012","LTU","2988334","4.5","68.632","94.346","22966.498","61745948022"
"Lithuania","2013","LTU","2958359","4.19","63.416","92.444","21436.043","63937849304"
"Lithuania","2014","LTU","2933171","3.69","61.205","92.115","20866.352","66199372603"
"Lithuania","2015","LTU","2905771","4.23","64.112","91.692","22063.779","67539660018"
"Luxembourg","1985","LUX","366665","0.939","32.288","99.227","88058.891","10292481585"
"Luxembourg","1986","LUX","368409","1.02","31.564","99.074","85676.836","11089390343"
"Luxembourg","1987","LUX","370789","1.036","29.831","98.837","80453.891","11347894891"
"Luxembourg","1988","LUX","373789","1.334","30.572","98.929","81789.188","12527435787"
"Luxembourg","1989","LUX","377384","1.38","35.117","99.276","93053.711","13761264562"
"Luxembourg","1990","LUX","381707","0.62","37.151","99.371","97329.25","14057150121"
"Luxembourg","1991","LUX","386819","0.7","39.929","99.306","103223.312","15215996110"
"Luxembourg","1992","LUX","391972","0.66","40.043","99.422","102157.375","15437632140"
"Luxembourg","1993","LUX","397210","0.67","40.569","99.428","102134.523","16036038097"
"Luxembourg","1994","LUX","402597","0.59","39.01","99.267","96896.617","16598368279"
"Luxembourg","1995","LUX","408237","0.49","33.935","99.1","83124.758","16769949507"
"Luxembourg","1996","LUX","413779","0.45","34.899","99.384","84342.805","16910298497"
"Luxembourg","1997","LUX","418970","0.41","34.159","99.145","81529.898","17813499245"
"Luxembourg","1998","LUX","424158","0.37","32.988","98.776","77772.297","18821504348"
"Luxembourg","1999","LUX","429909","0.36","34.86","99.01","81086.125","20355341580"
"Luxembourg","2000","LUX","436142","0.4","37.204","98.704","85302.953","21937467256"
"Luxembourg","2001","LUX","441754","0.87","39.867","98.814","90246.359","22387796714"
"Luxembourg","2002","LUX","446392","2.8","43.582","99.025","97632.016","23160273686"
"Luxembourg","2003","LUX","451845","2.79","45.704","99.128","101149.508","23454191347"
"Luxembourg","2004","LUX","458305","3.37","51.78","98.943","112981.047","24195538088"
"Luxembourg","2005","LUX","465369","3.35","52.553","98.892","112927.523","24872864640"
"Luxembourg","2006","LUX","472869","3.54","51.627","98.679","109177.461","26045643731"
"Luxembourg","2007","LUX","480277","3.19","50.126","97.516","104368.211","28135947926"
"Luxembourg","2008","LUX","488995","2.72","49.761","97.415","101761.266","27660465282"
"Luxembourg","2009","LUX","498196","3.15","47.593","97.446","95530.586","26344603078"
"Luxembourg","2010","LUX","507418","3.24","50.116","97.572","98766.18","27526699944"
"Luxembourg","2011","LUX","518583","2.64","48.821","97.509","94143.305","28143126706"
"Luxembourg","2012","LUX","530951","2.76","47.953","97.098","90315.195","28607408843"
"Luxembourg","2013","LUX","543358","1.84","45.692","96.449","84092.562","29514812514"
"Luxembourg","2014","LUX","556285","1.91","44.274","95.758","79589.086","30289014849"
"Luxembourg","2015","LUX","569540","1.34","43.034","95.097","75560.039","30976491415"
"Malaysia","1985","MYS","15252262","14.944","172.352","93.903","11300.094","103003214742"
"Malaysia","1986","MYS","15760425","16.131","189.15","93.925","12001.605","104308422934"
"Malaysia","1987","MYS","16276735","17.421","195.044","92.895","11983.008","109808531666"
"Malaysia","1988","MYS","16796612","19.352","205.141","92.204","12213.242","119529208109"
"Malaysia","1989","MYS","17315003","21.515","229.554","93.567","13257.531","130700372085"
"Malaysia","1990","MYS","17833179","23.016","241.548","95.355","13544.84","143192117242"
"Malaysia","1991","MYS","18342474","26.552","302.51","95.904","16492.316","157808067102"
"Malaysia","1992","MYS","18834569","31.381","341.257","96.503","18118.637","173041788524"
"Malaysia","1993","MYS","19322667","34.877","343.287","96.063","17766.031","191754981739"
"Malaysia","1994","MYS","19820446","39.754","364.533","95.044","18391.775","211154262265"
"Malaysia","1995","MYS","20330602","46.575","398.829","95.657","19617.18","233787220224"
"Malaysia","1996","MYS","20850085","53.409","445.21","96.759","21352.889","259190306939"
"Malaysia","1997","MYS","21375225","59.935","516.446","97.752","24160.979","280383835444"
"Malaysia","1998","MYS","21906713","64.141","496.46","97.502","22662.439","261784096585"
"Malaysia","1999","MYS","22435532","68.17","530.459","96.035","23643.684","279671618438"
"Malaysia","2000","MYS","22967817","69.9","612.311","96.528","26659.512","305803211129"
"Malaysia","2001","MYS","23526535","75.78","626.892","97.036","26646.164","309934494308"
"Malaysia","2002","MYS","24102477","80.87","660.287","97.558","27394.982","329700338274"
"Malaysia","2003","MYS","24679604","83.31","715.327","97.876","28984.545","350966698067"
"Malaysia","2004","MYS","25256773","96.06","772.928","97.81","30602.789","377079435469"
"Malaysia","2005","MYS","25836075","98.75","836.425","97.845","32374.299","399781035415"
"Malaysia","2006","MYS","26417909","103.99","845.202","97.758","31993.541","426608936099"
"Malaysia","2007","MYS","26998383","108.55","901.45","97.937","33389.027","458125848157"
"Malaysia","2008","MYS","27570052","113.83","934.613","97.473","33899.559","485245105845"
"Malaysia","2009","MYS","28124779","116.11","905.238","97.512","32186.479","483081319364"
"Malaysia","2010","MYS","28655772","125.04","935.187","97.798","32635.191","525056610488"
"Malaysia","2011","MYS","29162034","127.07","951.171","97.297","32616.752","557469657636"
"Malaysia","2012","MYS","29662835","134.08","1040.679","97.123","35083.586","587985572583"
"Malaysia","2013","MYS","30174269","140.97","1089.044","96.672","36091.805","615585637854"
"Malaysia","2014","MYS","30696133","147.47","1097.616","96.321","35757.457","652563833807"
"Malaysia","2015","MYS","31232796","150.11","1114.575","96.151","35686.035","685237676618"
"Mexico","1985","MEX","75043415","96.208","1134.396","92.557","15116.531","751167311914"
"Mexico","1986","MEX","76585638","99.59","1100.674","93.645","14371.812","728181074789"
"Mexico","1987","MEX","78136652","106.165","1136.899","94.062","14550.141","741613787687"
"Mexico","1988","MEX","79695526","112.231","1145.465","93.426","14373.012","751820202312"
"Mexico","1989","MEX","81247174","120.047","1209.829","92.867","14890.727","782981323125"
"Mexico","1990","MEX","82820170","117.592","1319.072","92.995","15926.936","823577476195"
"Mexico","1991","MEX","84430565","128.571","1357.68","93.146","16080.432","865148747123"
"Mexico","1992","MEX","86044806","132.276","1384.109","92.375","16085.911","902108311201"
"Mexico","1993","MEX","87653817","134.643","1385.386","92.18","15805.196","925343285645"
"Mexico","1994","MEX","89259202","146.128","1464.644","94.013","16408.885","972991932169"
"Mexico","1995","MEX","90862449","150.356","1439.337","91.627","15840.837","916478942218"
"Mexico","1996","MEX","92452700","156.591","1476.888","91.287","15974.521","971219776949"
"Mexico","1997","MEX","94021204","166.748","1512.699","92","16088.914","1045710706219"
"Mexico","1998","MEX","95575242","181.059","1574.172","92.787","16470.494","1105636637948"
"Mexico","1999","MEX","97115710","189.979","1597.302","91.356","16447.414","1156619631372"
"Mexico","2000","MEX","98625553","203.62","1696.177","91.985","17198.152","1241194674661"
"Mexico","2001","MEX","100099101","210.22","1680.273","92.653","16786.094","1251502726420"
"Mexico","2002","MEX","101548627","215.73","1721.102","93.321","16948.551","1275458026881"
"Mexico","2003","MEX","102978517","224.9","1741.966","93.945","16915.814","1306677417369"
"Mexico","2004","MEX","104394131","235.39","1843.897","93.658","17662.844","1373060298988"
"Mexico","2005","MEX","105811504","247.97","2020.163","93.556","19092.096","1427140428046"
"Mexico","2006","MEX","107253666","256.25","2049.435","93.402","19108.301","1510732401129"
"Mexico","2007","MEX","108774356","263.26","2068.578","93.813","19017.145","1572479287017"
"Mexico","2008","MEX","110374286","269.29","2153.625","92.754","19512.02","1607479004533"
"Mexico","2009","MEX","111999720","267.76","2117.244","94.138","18904.01","1543820957956"
"Mexico","2010","MEX","113623898","275.57","2125.454","93.326","18706.043","1638271507559"
"Mexico","2011","MEX","115243503","292.15","2221.887","93.219","19279.93","1716088331953"
"Mexico","2012","MEX","116818208","296.39","2241.891","93.797","19191.277","1774999946047"
"Mexico","2013","MEX","118343572","297.12","2242.857","93.819","18952.084","1803059285337"
"Mexico","2014","MEX","119784265","303.33","2230.574","92.467","18621.592","1854551091374"
"Mexico","2015","MEX","121072310","310.36","2205.421","92.807","18215.734","1916008739051"
"Morocco","1985","MAR","22113953","7.345","65.303","97.93","2953.012","82816247078"
"Morocco","1986","MAR","22600803","7.764","67.535","97.351","2988.175","89314712544"
"Morocco","1987","MAR","23054390","8.001","69.565","96.699","3017.432","87281656953"
"Morocco","1988","MAR","23500528","8.984","73.487","96.454","3127.029","96219230537"
"Morocco","1989","MAR","23939414","9.024","80.847","96.015","3377.153","98443646312"
"Morocco","1990","MAR","24375558","9.628","82.756","95.894","3395.03","102154759492"
"Morocco","1991","MAR","24799016","9.205","83.804","95.926","3379.32","109740063063"
"Morocco","1992","MAR","25212469","9.719","93.779","97.139","3719.561","107664067531"
"Morocco","1993","MAR","25614586","9.91","94.766","98.7","3699.685","107072637645"
"Morocco","1994","MAR","26000824","11.47","104.454","97.763","4017.35","118651280111"
"Morocco","1995","MAR","26399431","12.092","102.452","98.342","3880.835","112285412713"
"Morocco","1996","MAR","26808109","12.538","107.114","94.908","3995.566","126007526018"
"Morocco","1997","MAR","27213340","13.593","111.354","94.786","4091.882","123891488018"
"Morocco","1998","MAR","27621638","12.968","114.212","95.666","4134.863","132709015459"
"Morocco","1999","MAR","28027188","12.895","118.492","98.064","4227.753","134068868267"
"Morocco","2000","MAR","28423439","13.7","117.463","98.149","4132.624","136639290851"
"Morocco","2001","MAR","28814646","15.6","126.905","97.672","4404.2","146692867628"
"Morocco","2002","MAR","29198146","15.1","130.092","97.815","4455.488","151385794465"
"Morocco","2003","MAR","29571415","16.34","130.45","96.557","4411.36","160559931983"
"Morocco","2004","MAR","29953021","17.47","148.563","96.727","4959.868","168466885680"
"Morocco","2005","MAR","30358145","19.26","161.334","98.046","5314.354","174390745088"
"Morocco","2006","MAR","30771179","19.87","164.665","98.105","5351.266","188101125607"
"Morocco","2007","MAR","31186468","19.69","163.228","98.073","5233.948","195286744421"
"Morocco","2008","MAR","31606769","20.35","180.131","98.22","5699.121","207385199268"
"Morocco","2009","MAR","32030779","20.93","175.79","95.569","5488.149","216763299753"
"Morocco","2010","MAR","32467009","22.85","194.956","94.468","6004.753","225643836837"
"Morocco","2011","MAR","32912585","24.36","204.747","96.579","6220.948","238103276789"
"Morocco","2012","MAR","33355246","26.51","208.422","97.077","6248.547","245270189355"
"Morocco","2013","MAR","33787573","26.94","213.979","95.204","6333.073","256393198875"
"Morocco","2014","MAR","34204784","28.08","217.025","95.813","6344.875","263251716082"
"Morocco","2015","MAR","34607590","29.91","220.859","94.928","6381.802","274689990243"
"Netherlands","1985","NLD","14538958","62.975","822.848","98.515","56596.094","353024505325"
"Netherlands","1986","NLD","14626488","67.17","863.64","98.442","59046.316","362737684375"
"Netherlands","1987","NLD","14724948","68.448","881.434","98.629","59859.922","367878506665"
"Netherlands","1988","NLD","14825915","69.654","884.37","98.545","59650.305","377506480189"
"Netherlands","1989","NLD","14921107","73.081","888.458","98.408","59543.699","395159119113"
"Netherlands","1990","NLD","15030886","70.7","910.735","98.659","60590.891","411390791201"
"Netherlands","1991","NLD","15155093","73.22","928.063","98.693","61237.723","423942311236"
"Netherlands","1992","NLD","15276787","75.84","939.117","98.546","61473.492","433663917114"
"Netherlands","1993","NLD","15389718","75.88","946.966","98.478","61532.391","441708287208"
"Netherlands","1994","NLD","15485453","78.26","936.809","98.41","60496.051","457377474101"
"Netherlands","1995","NLD","15565034","79.78","974.962","98.413","62637.953","474451023067"
"Netherlands","1996","NLD","15640032","84.07","1017.111","98.317","65032.52","494206817608"
"Netherlands","1997","NLD","15723621","85.1","998.851","98.714","63525.477","518458402185"
"Netherlands","1998","NLD","15827109","89.39","1005.942","98.245","63558.168","545041076356"
"Netherlands","1999","NLD","15940183","85.16","993.777","98.16","62344.133","575899135456"
"Netherlands","2000","NLD","16058757","88.06","1006.819","98.023","62695.977","603803040978"
"Netherlands","2001","NLD","16182705","92.14","1045.557","97.992","64609.547","620170874924"
"Netherlands","2002","NLD","16288060","94.64","1046.061","97.824","64222.574","624424625610"
"Netherlands","2003","NLD","16366914","95.47","1053.076","97.835","64341.766","629811489833"
"Netherlands","2004","NLD","16425562","99.82","1088.744","97.596","66283.531","646331449347"
"Netherlands","2005","NLD","16465707","98.53","1112.242","97.02","67549","664118269501"
"Netherlands","2006","NLD","16493851","97.52","1089.576","96.908","66059.516","691453801614"
"Netherlands","2007","NLD","16531360","103.68","1107.524","96.649","66995.336","721200009128"
"Netherlands","2008","NLD","16597259","106.21","1094.389","96.177","65937.922","737705013303"
"Netherlands","2009","NLD","16684148","112.35","1079.291","95.642","64689.609","713986817901"
"Netherlands","2010","NLD","16771232","118.1","1170.651","96.077","69801.117","728193221597"
"Netherlands","2011","NLD","16851061","112.64","1115.092","95.491","66173.398","744614396708"
"Netherlands","2012","NLD","16915191","102.27","1095.699","95.408","64776.062","736942199791"
"Netherlands","2013","NLD","16967066","100.56","1062.885","95.693","62644.008","735982982299"
"Netherlands","2014","NLD","17030085","102.1","1016.331","95.323","59678.543","746458868661"
"Netherlands","2015","NLD","17107429","108.99","1026.468","94.961","60001.301","761083250759"
"New Zealand","1985","NZL","3268030","28.465","154.415","59.634","47250.289","72396720000"
"New Zealand","1986","NZL","3281510","29.345","166.407","58.289","50710.387","73916284000"
"New Zealand","1987","NZL","3299443","29.753","168.239","59.056","50990.215","74219984000"
"New Zealand","1988","NZL","3316026","31.086","175.236","58.99","52845.289","74015942000"
"New Zealand","1989","NZL","3333822","31.358","179.244","59.741","53765.348","74677446000"
"New Zealand","1990","NZL","3396981","32.614","186.435","59.727","54882.578","74483238000"
"New Zealand","1991","NZL","3480933","33.639","190.187","60.707","54636.867","74961224062"
"New Zealand","1992","NZL","3532246","33.211","190.501","63.598","53932.098","75624106462"
"New Zealand","1993","NZL","3573609","34.616","196.246","60.906","54915.422","79461848563"
"New Zealand","1994","NZL","3621030","35.196","207.137","59.928","57204.023","84890067977"
"New Zealand","1995","NZL","3674434","36.41","214.906","59.179","58486.742","88724280201"
"New Zealand","1996","NZL","3729383","36.804","217.988","61.667","58451.441","92246848029"
"New Zealand","1997","NZL","3776950","37.443","218.022","65.415","57724.258","95195281693"
"New Zealand","1998","NZL","3811376","37.776","218.023","62.302","57203.105","96170421359"
"New Zealand","1999","NZL","3835561","37.96","219.933","65.42","57340.453","100616403871"
"New Zealand","2000","NZL","3857576","38.91","229.557","64.636","59508.152","104942102861"
"New Zealand","2001","NZL","3891763","39.28","227.483","68.233","58452.426","107226686179"
"New Zealand","2002","NZL","3951116","40.21","235.292","65.861","59550.859","112775904669"
"New Zealand","2003","NZL","4022585","40.37","228.071","66.634","56697.605","118221542739"
"New Zealand","2004","NZL","4083912","42.27","234.68","63.01","57464.543","123732222489"
"New Zealand","2005","NZL","4135002","42.48","228.759","66.213","55322.531","127087212440"
"New Zealand","2006","NZL","4181943","43.04","230.264","65.953","55061.594","130823651084"
"New Zealand","2007","NZL","4223270","43.38","229.45","65.299","54329.863","136252900902"
"New Zealand","2008","NZL","4261819","43.39","230.105","66.164","53992.191","135932629621"
"New Zealand","2009","NZL","4304304","42.95","229.523","62.638","53324.062","136500728040"
"New Zealand","2010","NZL","4347766","44.31","235.133","61.689","54081.445","139478805582"
"New Zealand","2011","NZL","4382699","43.86","236.088","60.813","53868.23","142521900112"
"New Zealand","2012","NZL","4411682","43.75","237.851","63.304","53913.836","146280651356"
"New Zealand","2013","NZL","4453857","42.7","239.573","63.231","53789.949","149512485774"
"New Zealand","2014","NZL","4522976","42.92","250.675","62.548","55422.555","154422989929"
"New Zealand","2015","NZL","4614035","43.57","252.217","61.857","54663.062","160782215776"
"North Macedonia","1990","MKD","2063690","5.75","29.66","95.388","14372.104","17074264103"
"North Macedonia","1991","MKD","2056002","5.77","29.447","91.959","14322.663","16091738511"
"North Macedonia","1992","MKD","2032516","6.07","30.237","92.17","14876.61","15099004830"
"North Macedonia","1993","MKD","2006853","5.18","30.279","95.196","15088.036","14032388036"
"North Macedonia","1994","MKD","1992669","5.94","28.442","93.182","14273.225","13843334272"
"North Macedonia","1995","MKD","1998531","6.13","28.651","92.195","14336.097","13754792054"
"North Macedonia","1996","MKD","2012553","6.64","33.28","92.873","16536.369","13985282522"
"North Macedonia","1997","MKD","2025764","6.73","30.014","91.625","14815.951","14249362170"
"North Macedonia","1998","MKD","2037575","7.05","33.924","91.081","16649.197","14789521174"
"North Macedonia","1999","MKD","2048088","6.86","32.504","88.038","15870.394","15508166039"
"North Macedonia","2000","MKD","2057254","6.81","30.848","89.392","14994.607","16307994486"
"North Macedonia","2001","MKD","2066300","6.37","29.025","94.019","14046.638","15872667390"
"North Macedonia","2002","MKD","2074482","6.09","28.361","92.652","13671.603","16017432272"
"North Macedonia","2003","MKD","2081417","6.73","31.976","88.203","15362.422","16466000239"
"North Macedonia","2004","MKD","2086581","6.66","31.577","87.178","15133.405","17324217189"
"North Macedonia","2005","MKD","2089809","6.94","32.584","87.591","15591.887","18219129334"
"North Macedonia","2006","MKD","2089232","7.01","33.184","86.591","15883.402","19227779553"
"North Macedonia","2007","MKD","2081972","6.5","32.878","91.788","15791.787","20547244002"
"North Macedonia","2008","MKD","2070837","6.31","31.796","92.951","15354.295","21752220835"
"North Macedonia","2009","MKD","2060601","6.82","31.139","89.151","15111.765","21758909955"
"North Macedonia","2010","MKD","2051510","7.26","33.899","81.077","16523.738","22583127369"
"North Macedonia","2011","MKD","2040445","6.76","33.791","88.916","16560.482","23201482935"
"North Macedonia","2012","MKD","2027288","6.26","31.354","91.364","15466.217","23095684802"
"North Macedonia","2013","MKD","2013280","6.09","30.12","86.317","14960.775","23771197646"
"North Macedonia","2014","MKD","1997842","5.38","27.963","88.143","13996.478","24633991465"
"North Macedonia","2015","MKD","1980366","5.65","29.477","82.327","14884.378","25583815729"
"Norway","1985","NOR","4152399","103.292","435.445","31.811","104865.898","114639982242"
"Norway","1986","NOR","4167252","97.284","424.843","34.42","101947.969","118764657839"
"Norway","1987","NOR","4186818","104.283","446.351","32.934","106608.555","121201513299"
"Norway","1988","NOR","4209470","110.019","460.097","31.35","109300.461","121152473106"
"Norway","1989","NOR","4226914","119.197","490.188","29.85","115968.242","122313004364"
"Norway","1990","NOR","4241440","121.6","492.923","28.442","116215.914","124859200464"
"Norway","1991","NOR","4261618","110.56","456.607","29.821","107144.062","132697585836"
"Norway","1992","NOR","4286255","117.11","478.213","28.974","111569.008","141648316012"
"Norway","1993","NOR","4311864","119.72","490.582","29.245","113774.93","150177267961"
"Norway","1994","NOR","4336467","112.32","475.377","31.703","109623.219","162645039026"
"Norway","1995","NOR","4358991","122.25","509.372","30.571","116855.484","174592147085"
"Norway","1996","NOR","4381137","104.69","467.217","35.468","106642.828","189011166346"
"Norway","1997","NOR","4404988","110.5","490","34.997","111237.547","205129717023"
"Norway","1998","NOR","4431308","116.42","509.797","34.101","115044.422","216978667712"
"Norway","1999","NOR","4461789","122.29","525.608","32.855","117802.125","228192617125"
"Norway","2000","NOR","4490864","142.52","583.177","29.207","129858.625","242751277829"
"Norway","2001","NOR","4513650","121.32","519.16","33.002","115019.922","255455331302"
"Norway","2002","NOR","4538016","130.24","543.437","31.676","119752.211","267081351259"
"Norway","2003","NOR","4564666","106.67","479.93","37.35","105140.305","277856282106"
"Norway","2004","NOR","4591739","110.1","486.499","36.587","105950.953","297743119876"
"Norway","2005","NOR","4623120","137.25","558.437","31.315","120792.133","314940774381"
"Norway","2006","NOR","4660487","121.22","511.197","34.338","109687.391","332457531096"
"Norway","2007","NOR","4709017","136.11","552.72","32.202","117374.898","352692911227"
"Norway","2008","NOR","4768097","141.19","559.907","30.683","117427.766","364943654963"
"Norway","2009","NOR","4828625","130.97","513.943","32.372","106436.703","370113292846"
"Norway","2010","NOR","4889160","123.14","497.932","35.371","101844.125","383760934305"
"Norway","2011","NOR","4952969","125.93","504.038","34.376","101764.828","399420041611"
"Norway","2012","NOR","5018453","146.18","560.942","30.798","111775.836","410276121127"
"Norway","2013","NOR","5080126","133.14","523.236","33.127","102996.664","414445317738"
"Norway","2014","NOR","5137397","140.88","541.939","32.086","105489.086","422933730082"
"Norway","2015","NOR","5189777","143","549.27","32.324","105836.883","430788988142"
"Oman","1985","OMN","1325489","2.888","32.923","100","24838.732","15457397547"
"Oman","1986","OMN","1413424","3.617","35.49","100","25109.262","15789073016"
"Oman","1987","OMN","1501006","3.884","36.987","100","24641.562","17052943068"
"Oman","1988","OMN","1588573","4.408","37.995","100","23917.867","17563823554"
"Oman","1989","OMN","1676234","4.707","39.768","100","23724.551","18300875919"
"Oman","1990","OMN","1763957","4.501","46.62","100","26429.148","18309502487"
"Oman","1991","OMN","1851476","4.625","60.838","100","32859.074","20523449762"
"Oman","1992","OMN","1938240","5.113","60.325","100","31123.568","23477627483"
"Oman","1993","OMN","2021677","5.833","58.186","100","28780.873","26328163578"
"Oman","1994","OMN","2081839","6.198","54.529","100","26192.926","28891343065"
"Oman","1995","OMN","2120531","6.5","63.868","100","30118.717","32313285852"
"Oman","1996","OMN","2156925","6.802","65.517","100","30375.232","35842067925"
"Oman","1997","OMN","2190726","7.318","67.491","100","30807.531","41346951900"
"Oman","1998","OMN","2222492","8.2","69.236","100","31152.215","46306004470"
"Oman","1999","OMN","2252910","8.413","78.674","100","34921.227","50522589652"
"Oman","2000","OMN","2282139","9.11","110.96","100","48620.898","58124187550"
"Oman","2001","OMN","2310223","9.74","123.192","100","53324.789","64949142360"
"Oman","2002","OMN","2337144","10.33","131.161","100","56120.254","68131998222"
"Oman","2003","OMN","2363801","10.71","136.129","100","57588.852","69978417960"
"Oman","2004","OMN","2404822","11.5","141.451","100","58819.918","74745449481"
"Oman","2005","OMN","2459808","12.65","156.123","100","63469.539","80936605625"
"Oman","2006","OMN","2514794","13.29","170.587","100","67833.375","90553430362"
"Oman","2007","OMN","2570175","14.17","172.055","100","66942.758","100681198254"
"Oman","2008","OMN","2626536","16.05","201.005","100","76528.727","115217924982"
"Oman","2009","OMN","2684665","18.45","199.422","100","74281.891","127016653137"
"Oman","2010","OMN","2757450","19.81","237.083","100","85979.016","135198273857"
"Oman","2011","OMN","3076762","21.87","259.864","100","84460.266","132756531310"
"Oman","2012","OMN","3547104","25.02","283.45","100","79910.391","144522749866"
"Oman","2013","OMN","3833915","26.24","317.62","99.999","82844.789","152076951430"
"Oman","2014","OMN","4002444","29.13","315.968","99.999","78943.883","154041791696"
"Oman","2015","OMN","4184898","32.75","337.424","99.997","80629.07","161770059399"
"Pakistan","1985","PAK","98229291","28.825","218.164","82.735","2220.965","220940072343"
"Pakistan","1986","PAK","101606770","32.348","231.24","84.254","2275.831","234955266578"
"Pakistan","1987","PAK","105130710","36.347","259.387","81.933","2467.277","248712727781"
"Pakistan","1988","PAK","108724740","40.671","275.561","82.303","2534.482","264731820890"
"Pakistan","1989","PAK","112336634","42.806","292.245","83.126","2601.51","277371088054"
"Pakistan","1990","PAK","116155584","45.985","305.498","83.921","2630.075","290069526062"
"Pakistan","1991","PAK","120060409","50.22","323.701","83.785","2696.148","311483364597"
"Pakistan","1992","PAK","123546855","53.575","340.029","83.076","2752.224","327814343506"
"Pakistan","1993","PAK","127020117","57.012","376.314","83.334","2962.63","338978430026"
"Pakistan","1994","PAK","130748076","57.923","389.382","84.064","2978.108","356454516834"
"Pakistan","1995","PAK","134582255","63.75","410.68","84.103","3051.513","376967615526"
"Pakistan","1996","PAK","138557089","67.565","437.427","83.881","3157.013","391435181933"
"Pakistan","1997","PAK","142531801","62.481","422.885","87.488","2966.948","402359547116"
"Pakistan","1998","PAK","146522354","66.396","453.849","84.859","3097.472","419024845538"
"Pakistan","1999","PAK","150565381","65.302","473.722","87.24","3146.288","440333180316"
"Pakistan","2000","PAK","154879124","66.49","483.754","88.7","3123.431","459798536606"
"Pakistan","2001","PAK","159270910","72.11","495.15","87.999","3108.855","477964444881"
"Pakistan","2002","PAK","163222552","75.77","514.109","87.431","3149.744","504824722487"
"Pakistan","2003","PAK","167110250","82.08","554.231","86.272","3316.559","543920300431"
"Pakistan","2004","PAK","171285999","85.96","618.905","86.82","3613.283","592025705114"
"Pakistan","2005","PAK","175453212","94.56","641.339","85.947","3655.326","641139042718"
"Pakistan","2006","PAK","179682690","99.53","679.627","87","3782.373","685965623310"
"Pakistan","2007","PAK","184493231","96.15","717.055","87.294","3886.621","719253757580"
"Pakistan","2008","PAK","189499112","93.01","718.677","89.249","3792.511","746912719652"
"Pakistan","2009","PAK","194376535","96.11","745.362","88.904","3834.629","774880575078"
"Pakistan","2010","PAK","199239048","94.54","749.47","88.675","3761.661","805491514683"
"Pakistan","2011","PAK","203746069","94.83","753.328","88.029","3697.388","845096928750"
"Pakistan","2012","PAK","207667129","98.1","701.794","95.011","3379.42","878485024934"
"Pakistan","2013","PAK","211073979","104.88","775.379","88.025","3673.495","918328534363"
"Pakistan","2014","PAK","214264649","107.91","786.308","87.745","3669.797","961516822345"
"Pakistan","2015","PAK","217290884","112.79","829.312","88.27","3816.599","1010825281718"
"Peru","1985","PER","19648212","12.111","102.577","73.644","5220.668","113560608000"
"Peru","1986","PER","20117127","12.948","110.484","73.842","5492.052","124887950000"
"Peru","1987","PER","20582325","14.006","120.635","74.18","5861.094","135510960000"
"Peru","1988","PER","21054704","13.552","117.192","74.524","5566.072","124322130000"
"Peru","1989","PER","21532587","13.727","107.955","72.055","5013.555","109139160000"
"Peru","1990","PER","22014772","13.808","107.017","71.935","4861.144","103572000000"
"Peru","1991","PER","22483784","14.482","106.149","68.93","4721.149","108468600578"
"Peru","1992","PER","22946345","13.122","103.355","73.103","4504.196","110495351335"
"Peru","1993","PER","23413783","14.808","112.954","70.121","4824.25","92121419172"
"Peru","1994","PER","23881497","15.866","122.811","70.312","5142.526","103509723878"
"Peru","1995","PER","24348922","16.88","133.322","72.227","5475.475","111333590886"
"Peru","1996","PER","24811174","17.28","137.438","72.276","5539.343","114659592873"
"Peru","1997","PER","25274149","17.953","134.768","71.909","5332.26","122417899136"
"Peru","1998","PER","25738101","18.583","139.044","71.623","5402.268","122316689368"
"Peru","1999","PER","26186499","19.05","142.633","70.842","5446.822","124629013218"
"Peru","2000","PER","26598328","19.92","147.359","68.55","5540.167","128561599053"
"Peru","2001","PER","26964610","20.77","146.076","65.608","5417.318","130005019162"
"Peru","2002","PER","27288211","21.99","149.577","65.707","5481.374","137911092694"
"Peru","2003","PER","27580485","22.93","147.672","64.481","5354.208","144583674826"
"Peru","2004","PER","27852190","24.25","157.396","68.848","5651.12","152840586065"
"Peru","2005","PER","28101175","25.5","163.73","69.173","5826.442","163489485317"
"Peru","2006","PER","28324488","27.36","165.593","66.468","5846.282","176775277493"
"Peru","2007","PER","28530704","29.93","180.285","69.355","6318.965","192942634714"
"Peru","2008","PER","28719038","32.43","194.644","72.394","6777.529","211009673563"
"Peru","2009","PER","28896819","32.92","198.44","71.531","6867.194","212830474173"
"Peru","2010","PER","29086021","35.89","225.286","74.487","7745.521","230353256282"
"Peru","2011","PER","29304083","39.23","248.556","75.344","8481.961","244711917914"
"Peru","2012","PER","29550367","39.96","256.725","75.173","8687.723","259737230567"
"Peru","2013","PER","29817908","43.51","262.581","75.009","8806.167","274939626306"
"Peru","2014","PER","30115825","45.73","268.829","75.228","8926.504","281488723310"
"Peru","2015","PER","30457598","48.27","281.669","75.11","9247.921","290642734598"
"Philippines","1985","PHL","55213007","22.766","135.47","74.973","2453.588","180907318066"
"Philippines","1986","PHL","56645083","20.974","137.34","75.18","2424.571","187086785480"
"Philippines","1987","PHL","58157496","22.642","148.975","79.991","2561.587","195165628539"
"Philippines","1988","PHL","59739056","24.539","164.29","79.505","2750.133","208280785195"
"Philippines","1989","PHL","61265259","25.573","181.382","80.282","2960.606","221233812796"
"Philippines","1990","PHL","62854668","26.327","187.489","81.237","2982.894","227937191062"
"Philippines","1991","PHL","64382249","25.649","184.339","82.555","2863.199","228436344826"
"Philippines","1992","PHL","65926130","25.87","198.103","84.847","3004.926","230909837938"
"Philippines","1993","PHL","67530621","26.579","217.218","85.464","3216.592","237664033762"
"Philippines","1994","PHL","69019297","30.459","226.294","84.131","3278.71","250065486564"
"Philippines","1995","PHL","70546245","33.554","258.461","85.92","3663.711","263742284726"
"Philippines","1996","PHL","72190237","36.707","277.04","85.613","3837.642","281422828353"
"Philippines","1997","PHL","73908813","39.797","302.241","86.982","4089.382","298360005981"
"Philippines","1998","PHL","75791031","41.578","300.067","86.104","3959.139","299105469124"
"Philippines","1999","PHL","77753256","41.432","305.197","82.113","3925.195","310804334612"
"Philippines","2000","PHL","79625401","45.3","307.714","81.271","3864.514","327247671365"
"Philippines","2001","PHL","81401488","47.05","300.852","82.743","3695.904","339580401272"
"Philippines","2002","PHL","83068889","48.46","302.286","83.152","3638.974","354896572700"
"Philippines","2003","PHL","84731836","52.94","311.884","83.388","3680.832","375676507230"
"Philippines","2004","PHL","86394510","55.94","319.261","82.762","3695.391","404092179609"
"Philippines","2005","PHL","88015959","56.57","319.341","83.347","3628.22","426864086040"
"Philippines","2006","PHL","89508992","56.78","305.31","80.682","3410.94","452834616353"
"Philippines","2007","PHL","91075180","59.62","316.799","82.659","3478.436","486739179739"
"Philippines","2008","PHL","92699091","60.82","327.548","81.648","3533.459","511142140299"
"Philippines","2009","PHL","94384256","61.92","331.402","82.083","3511.202","521163648845"
"Philippines","2010","PHL","96337127","67.73","341.031","84.333","3539.975","565514808274"
"Philippines","2011","PHL","98248614","69.15","347.837","83.126","3540.375","590943092007"
"Philippines","2012","PHL","100175511","72.89","359.886","82.823","3592.559","631700459807"
"Philippines","2013","PHL","102076334","75.23","385.732","84.507","3778.861","674346563689"
"Philippines","2014","PHL","103767127","77.23","405.675","85.196","3909.477","717154029846"
"Philippines","2015","PHL","105312988","82.4","444.452","85.625","4220.296","762678999551"
"Poland","1985","POL","37200850","137.714","1466.442","99.564","39419.594","335851104164"
"Poland","1986","POL","37452612","140.294","1507.76","99.638","40257.805","346539486562"
"Poland","1987","POL","37665710","145.833","1556.635","99.665","41327.633","341893100382"
"Poland","1988","POL","37817863","144.34","1526.905","99.655","40375.238","349435198078"
"Poland","1989","POL","37938086","145.464","1469.523","99.674","38734.781","344009615625"
"Poland","1990","POL","38055448","134.43","1210.33","99.661","31804.375","310673160937"
"Poland","1991","POL","38152947","132.72","1184.164","99.644","31037.289","291288814472"
"Poland","1992","POL","38233636","130.68","1132.397","99.6","29617.811","301270050123"
"Poland","1993","POL","38294882","131.78","1131.848","99.618","29556.105","315272045792"
"Poland","1994","POL","38344312","133.29","1083.18","99.541","28248.781","334402893305"
"Poland","1995","POL","38364668","137.05","1108.723","99.508","28899.574","360934041475"
"Poland","1996","POL","38359164","141.19","1163.95","99.503","30343.461","386314591617"
"Poland","1997","POL","38348307","140.94","1152.541","99.481","30054.537","414942244343"
"Poland","1998","POL","38326431","140.77","1104.199","99.356","28810.391","437955026714"
"Poland","1999","POL","38287717","139.99","1082.722","99.39","28278.568","462542429541"
"Poland","2000","POL","38258077","143.18","1017.525","99.356","26596.332","488207682001"
"Poland","2001","POL","38247359","143.72","1010.456","99.223","26418.986","499086644170"
"Poland","2002","POL","38229407","142.49","999.579","99.225","26146.867","514089670231"
"Poland","2003","POL","38203527","150.01","1034.207","99.358","27070.973","537330337680"
"Poland","2004","POL","38167568","152.54","1041.219","99.151","27280.193","570430122148"
"Poland","2005","POL","38124377","155.29","1061.937","98.912","27854.531","595958527688"
"Poland","2006","POL","38071169","160.7","1110.359","98.797","29165.352","638713864539"
"Poland","2007","POL","38020420","158.52","1104.644","98.485","29053.967","690249985288"
"Poland","2008","POL","37995902","154.5","1124.428","97.846","29593.398","726319216200"
"Poland","2009","POL","38002153","150.86","1085.191","97.077","28556.041","760579624624"
"Poland","2010","POL","38095356","156.77","1157.25","96.621","30377.729","795619859853"
"Poland","2011","POL","38208644","162.87","1162.666","96.041","30429.385","843236863910"
"Poland","2012","POL","38247867","161.48","1127.927","94.87","29489.93","856266755052"
"Poland","2013","POL","38259267","163.78","1131.318","94.948","29569.779","863601156195"
"Poland","2014","POL","38265113","158.35","1089.354","94.078","28468.607","896737189458"
"Poland","2015","POL","38266314","164.3","1103.013","93.613","28824.648","936043804062"
"Portugal","1985","PRT","9979475","18.9","150.634","78.871","15094.375","131038827148"
"Portugal","1986","PRT","9993097","20.355","159.435","83.82","15954.541","136464680943"
"Portugal","1987","PRT","10001990","20.135","163.162","83.067","16312.971","145169747164"
"Portugal","1988","PRT","10004588","22.489","181.041","79.855","18095.789","156041295580"
"Portugal","1989","PRT","10001380","25.808","195.472","90.619","19544.494","164059396971"
"Portugal","1990","PRT","9989526","28.33","202.652","86.264","20286.498","171225929203"
"Portugal","1991","PRT","9969181","29.72","210.487","86.752","21113.816","177606537211"
"Portugal","1992","PRT","9960345","29.48","214.65","92.661","21550.443","183951331948"
"Portugal","1993","PRT","9972341","30.84","220.117","87.839","22072.75","183378088561"
"Portugal","1994","PRT","9998487","31.12","229.924","85.666","22995.904","186788072120"
"Portugal","1995","PRT","10031756","32.91","244.811","89.132","24403.65","191728089193"
"Portugal","1996","PRT","10067655","34.2","252.361","82.29","25066.492","199215852007"
"Portugal","1997","PRT","10110548","33.89","256.375","84.286","25357.215","208848444082"
"Portugal","1998","PRT","10159524","38.75","279.492","85.678","27510.383","219709918106"
"Portugal","1999","PRT","10214877","42.74","285.076","91.381","27907.893","229149917332"
"Portugal","2000","PRT","10283196","43.21","294.029","87.591","28593.107","238756377443"
"Portugal","2001","PRT","10354329","46.06","298.777","85.142","28855.318","244348167969"
"Portugal","2002","PRT","10413045","45.55","296.891","90.767","28511.492","247190712485"
"Portugal","2003","PRT","10454246","46.39","305.177","83.843","29191.654","245847246169"
"Portugal","2004","PRT","10481386","44.68","298.751","88.525","28503.047","251279602163"
"Portugal","2005","PRT","10502993","46.01","298.263","92.299","28397.916","254196923131"
"Portugal","2006","PRT","10524123","48.4","295.874","85.192","28113.924","259159946424"
"Portugal","2007","PRT","10546822","46.71","297.491","84.565","28206.701","266663287450"
"Portugal","2008","PRT","10564086","45.34","285.505","85.447","27025.984","268239264717"
"Portugal","2009","PRT","10576265","49.38","288.234","81.867","27252.889","261270596745"
"Portugal","2010","PRT","10578659","53.48","304.105","73.598","28746.99","267277408809"
"Portugal","2011","PRT","10557050","51.78","289.831","76.34","27453.758","263425010810"
"Portugal","2012","PRT","10513155","45.44","264.467","79.035","25155.795","252737143203"
"Portugal","2013","PRT","10458287","50.35","289.661","71.798","27696.83","250405237435"
"Portugal","2014","PRT","10406203","51.8","291.774","70.239","28038.432","252388910611"
"Portugal","2015","PRT","10370264","51.14","289.522","76.315","27918.504","256911888409"
"Qatar","1985","QAT","365950","3.964","66.11","100","180653.125","5895161395"
"Qatar","1986","QAT","382426","4.318","72.071","100","188457.312","4988308764"
"Qatar","1987","QAT","397012","4.386","69.853","100","175947.078","5088463477"
"Qatar","1988","QAT","411273","4.614","73.54","100","178809.969","5164954793"
"Qatar","1989","QAT","425658","4.646","77.746","100","182647.875","5220839741"
"Qatar","1990","QAT","440184","4.842","78.838","100","179101.609","5221963495"
"Qatar","1991","QAT","454860","4.669","90.813","100","199650.047","5733970758"
"Qatar","1992","QAT","469657","5.183","144.293","100","307229.719","7176897674"
"Qatar","1993","QAT","484553","5.56","154.359","100","318559.688","7997299870"
"Qatar","1994","QAT","499469","5.85","156.668","100","313668.375","9138716419"
"Qatar","1995","QAT","514334","6.013","156.148","100","303592.562","10472257097"
"Qatar","1996","QAT","529024","6.615","115.159","100","217682.234","12098817027"
"Qatar","1997","QAT","550511","6.91","125.891","100","228679.562","17467653871"
"Qatar","1998","QAT","580543","8.166","135.556","100","233498.297","21692788085"
"Qatar","1999","QAT","612510","8.939","150.898","100","246359.906","25157531177"
"Qatar","2000","QAT","644993","9.13","134.844","100","209063.484","30159719266"
"Qatar","2001","QAT","677934","9.95","129.628","100","191210.297","34920337897"
"Qatar","2002","QAT","711215","10.94","161.899","100","227637.844","41661485450"
"Qatar","2003","QAT","744690","12.01","163.62","100","219715.359","47126236240"
"Qatar","2004","QAT","773341","13.23","197.57","100","255475.859","63193934807"
"Qatar","2005","QAT","825419","14.4","223.673","100","270980.625","76893678098"
"Qatar","2006","QAT","972841","17.08","245.365","100","252214.672","103895902583"
"Qatar","2007","QAT","1208601","19.46","279.86","100","231557.078","127834802409"
"Qatar","2008","QAT","1426942","21.62","288.557","100","202220.734","156781224399"
"Qatar","2009","QAT","1586052","24.16","288.362","100","181811.375","186164264424"
"Qatar","2010","QAT","1709238","28.14","335.396","100","196225.344","238648100494"
"Qatar","2011","QAT","1810960","30.73","393.154","99.992","217097.234","296148824653"
"Qatar","2012","QAT","1907122","34.8","448.449","99.993","235144.422","310156648715"
"Qatar","2013","QAT","2032650","34.75","483.727","99.949","237978.625","327388964338"
"Qatar","2014","QAT","2218378","38.8","517.172","99.935","233130.469","344851898869"
"Qatar","2015","QAT","2427340","41.63","595.414","99.935","245295.047","361242719905"
"Romania","1985","ROU","22605815","71.818","714.904","95.045","31624.783","149284140404"
"Romania","1986","ROU","22674739","75.478","730.083","95.876","32198.066","151834687903"
"Romania","1987","ROU","22745589","74.079","757.117","95.877","33286.32","148638810399"
"Romania","1988","ROU","22815435","75.322","771.135","94.659","33798.848","148270053319"
"Romania","1989","ROU","22887645","75.851","772.477","95.066","33750.84","143537710868"
"Romania","1990","ROU","22939530","64.3","735.215","95.676","32050.145","127957829968"
"Romania","1991","ROU","22947416","56.8","624.444","93.483","27211.963","114884267222"
"Romania","1992","ROU","22912389","54.01","550.674","94.074","24033.893","109843021990"
"Romania","1993","ROU","22842257","55.36","535.222","93.344","23431.217","115101791639"
"Romania","1994","ROU","22756247","55.04","504.851","92.788","22185.154","123373706511"
"Romania","1995","ROU","22657722","59.05","554.803","91.597","24486.252","136457737663"
"Romania","1996","ROU","22541915","61.03","551.402","91.319","24461.168","146513857110"
"Romania","1997","ROU","22411511","56.72","523.325","87.752","23350.738","145416621981"
"Romania","1998","ROU","22284901","52.99","478.845","85.853","21487.428","144240925408"
"Romania","1999","ROU","22166156","50.47","421.171","84.376","19000.631","148247538550"
"Romania","2000","ROU","22046264","51.56","420.332","86.533","19065.902","157839292272"
"Romania","2001","ROU","21919916","53.55","425.105","86.672","19393.555","173763436827"
"Romania","2002","ROU","21770020","54.42","441.307","86.515","20271.309","190219311781"
"Romania","2003","ROU","21593448","54.84","441.244","88.714","20434.184","204513401651"
"Romania","2004","ROU","21403215","56.47","459.247","86.889","21456.91","228570981481"
"Romania","2005","ROU","21213395","59.33","460.449","84.828","21705.584","244044803180"
"Romania","2006","ROU","21035732","62.56","467.61","86.178","22229.311","274969703969"
"Romania","2007","ROU","20870714","61.56","451.004","85.81","21609.418","304650701380"
"Romania","2008","ROU","20718745","64.86","449.797","83.045","21709.68","339689310169"
"Romania","2009","ROU","20576922","57.59","392.122","81.447","19056.42","326954238767"
"Romania","2010","ROU","20432575","60.42","396.424","78.453","19401.561","335489566640"
"Romania","2011","ROU","20282009","61.8","408.341","81.487","20133.164","350086824382"
"Romania","2012","ROU","20158451","58.54","393.332","82.024","19512.025","356825919340"
"Romania","2013","ROU","20062913","58.19","369.577","77.365","18420.879","357789262640"
"Romania","2014","ROU","19968179","64.92","379.116","74.552","18986.027","372532510801"
"Romania","2015","ROU","19871018","65.66","381.136","73.974","19180.48","384306463712"
"Russia","1985","RUS","143569386","962","9555.139","92.442","66554.148","1795626550000"
"Russia","1986","RUS","144807816","1001.4","9724.456","92.272","67154.219","1840205346031"
"Russia","1987","RUS","146147383","1047.3","10042.625","92.026","68715.734","1838644342031"
"Russia","1988","RUS","147364493","1065.5","10218.061","91.931","69338.688","1868131743750"
"Russia","1989","RUS","148281862","1076.5","10255.829","91.952","69164.422","1881091642625"
"Russia","1990","RUS","148979537","1082.2","10076.104","92.107","67634.141","1834865200000"
"Russia","1991","RUS","149448433","1068.163","9938.643","91.916","66502.156","1782589449407"
"Russia","1992","RUS","148915993","1008.45","9566.62","91.479","64241.723","1557839202683"
"Russia","1993","RUS","148135419","956.587","8919.131","90.818","60209.305","1453308047704"
"Russia","1994","RUS","148200734","875.914","8138.424","90.611","54914.871","1297672618325"
"Russia","1995","RUS","148291406","860.027","7702.033","90.002","51938.5","1274033410385"
"Russia","1996","RUS","148084580","847.183","7413.202","90.085","50060.594","1256336600822"
"Russia","1997","RUS","147853769","834.131","7011.005","89.409","47418.508","1303661447743"
"Russia","1998","RUS","147635543","827.158","6997.947","89.537","47400.148","1263722609285"
"Russia","1999","RUS","147241973","846.225","7086.538","88.873","48128.516","1375023643662"
"Russia","2000","RUS","146717784","877.76","7214.09","88.587","49169.844","1547057523527"
"Russia","2001","RUS","146117290","891.27","7328.268","88.216","50153.324","1662886727147"
"Russia","2002","RUS","145939502","891.28","7298.46","88.529","50010.18","1781424730851"
"Russia","2003","RUS","145794230","916.29","7448.467","88.735","51088.902","1955875991276"
"Russia","2004","RUS","145180091","931.91","7514.088","88.367","51757.012","2143914665541"
"Russia","2005","RUS","144597886","954.11","7503.903","88.383","51894.969","2331247104465"
"Russia","2006","RUS","144102948","992.12","7836.937","88.675","54384.289","2576148450528"
"Russia","2007","RUS","143859767","1018.7","7878.335","88.545","54763.992","2858759376272"
"Russia","2008","RUS","143811837","1040","7914.626","88.998","55034.594","3078094367564"
"Russia","2009","RUS","143869128","993.1","7522.19","88.133","52284.949","2903690263125"
"Russia","2010","RUS","143934468","1038.02","7814.236","88.695","54290.234","3105249267337"
"Russia","2011","RUS","144043751","1054.86","8080.549","89.156","56097.879","3306765993750"
"Russia","2012","RUS","144291025","1069.27","8128.363","89.12","56333.117","3439833075673"
"Russia","2013","RUS","144604105","1059.08","8032.525","88.664","55548.391","3500216789791"
"Russia","2014","RUS","144925639","1064.2","8057.762","88.733","55599.285","3525987597216"
"Russia","2015","RUS","145307612","1067.55","7930.555","88.308","54577.699","3456429719677"
"Saudi Arabia","1985","SAU","8151782","51.654","729.734","100","89518.312","192246231794"
"Saudi Arabia","1986","SAU","8628639","55.685","784.659","100","90936.586","180536009607"
"Saudi Arabia","1987","SAU","9130207","65","831.738","100","91097.391","188872487168"
"Saudi Arabia","1988","SAU","9629172","70.091","870.275","100","90378.961","194907909345"
"Saudi Arabia","1989","SAU","10128397","75.73","856.545","100","84568.695","201950991824"
"Saudi Arabia","1990","SAU","10640697","79.88","928.337","100","87244.008","230231005239"
"Saudi Arabia","1991","SAU","11160752","84.996","972.452","100","87131.43","279266370692"
"Saudi Arabia","1992","SAU","11686682","93.473","981.756","100","84006.414","306102220149"
"Saudi Arabia","1993","SAU","12215864","102.669","1002.85","100","82094.094","318013026200"
"Saudi Arabia","1994","SAU","12750037","106.046","1159.58","100","90947.219","336457977370"
"Saudi Arabia","1995","SAU","13289246","109.928","1130.006","100","85031.602","354296184185"
"Saudi Arabia","1996","SAU","13831002","112.167","1168.553","100","84487.93","381675255575"
"Saudi Arabia","1997","SAU","14374948","119.104","1190.249","100","82800.234","404619673714"
"Saudi Arabia","1998","SAU","14922188","126.168","1252.577","100","83940.57","436367217571"
"Saudi Arabia","1999","SAU","15472076","130.999","1275.43","100","82434.336","440370701905"
"Saudi Arabia","2000","SAU","16177733","138.69","1334.88","100","82513.391","488272422255"
"Saudi Arabia","2001","SAU","17041405","146.09","1422.332","100","83463.328","506978101388"
"Saudi Arabia","2002","SAU","17910909","154.91","1481.383","100","82708.406","518347038548"
"Saudi Arabia","2003","SAU","18786771","166.58","1569.191","100","83526.383","607244594721"
"Saudi Arabia","2004","SAU","19669486","173.41","1702.448","100","86552.734","690846607941"
"Saudi Arabia","2005","SAU","20559886","191.05","1811.106","100","88089.297","768984265306"
"Saudi Arabia","2006","SAU","21459141","196.31","1900.17","100","88548.273","833723402383"
"Saudi Arabia","2007","SAU","22368313","204.43","1944.057","100","86911.211","896025266041"
"Saudi Arabia","2008","SAU","23287884","204.2","2128.464","100","91397.906","1005243539213"
"Saudi Arabia","2009","SAU","24217656","217.31","2205.138","100","91054.977","1040467027041"
"Saudi Arabia","2010","SAU","25157134","248.77","2451.107","100","97431.875","1156842077931"
"Saudi Arabia","2011","SAU","26105636","259.15","2557.291","99.999","97959.344","1347950226660"
"Saudi Arabia","2012","SAU","27062447","281.63","2714.211","99.998","100294.359","1421109142119"
"Saudi Arabia","2013","SAU","28026825","294.72","2731.22","99.996","97450.227","1461615692896"
"Saudi Arabia","2014","SAU","28998127","328.2","2931.717","99.996","101100.227","1520484201383"
"Saudi Arabia","2015","SAU","29974944","350.64","3056.625","99.996","101972.688","1591797027903"
"Singapore","1985","SGP","2735032","9.876","141.894","100","51880.066","45678538612"
"Singapore","1986","SGP","2744656","10.576","164.756","99.839","60027.945","46286412884"
"Singapore","1987","SGP","2781625","11.814","173.237","99.847","62278.961","51266056475"
"Singapore","1988","SGP","2849043","13.017","200.43","99.867","70349.805","56963540146"
"Singapore","1989","SGP","2938656","14.039","228.538","99.884","77769.414","62766454197"
"Singapore","1990","SGP","3039593","15.618","273.104","99.903","89848.742","69065570813"
"Singapore","1991","SGP","3136294","16.597","278.315","99.725","88740.07","74103369043"
"Singapore","1992","SGP","3226461","17.543","298.587","99.744","92543.344","80052595653"
"Singapore","1993","SGP","3317892","18.962","326.212","99.765","98319.023","89698198294"
"Singapore","1994","SGP","3417818","20.675","373.084","99.795","109158.398","100708565980"
"Singapore","1995","SGP","3533624","22.057","388.941","99.803","110068.547","109097198275"
"Singapore","1996","SGP","3664566","23.909","392.477","99.805","107100.578","120135527253"
"Singapore","1997","SGP","3796629","26.709","412.801","99.815","108728.195","132363368332"
"Singapore","1998","SGP","3901418","28.375","418.509","99.817","107271.07","131914179626"
"Singapore","1999","SGP","3966562","29.52","414.326","99.815","104454.742","139187634120"
"Singapore","2000","SGP","4035251","31.67","443.014","99.827","109786.094","152153574500"
"Singapore","2001","SGP","4116169","33.06","500.721","99.705","121647.219","152550774197"
"Singapore","2002","SGP","4146898","34.66","482.24","99.693","116289.367","157982989858"
"Singapore","2003","SGP","4138241","35.32","454.274","99.659","109774.617","160287778605"
"Singapore","2004","SGP","4172767","36.82","513.521","99.708","123064.773","175483138246"
"Singapore","2005","SGP","4268363","38.22","542.302","99.725","127051.617","190691514722"
"Singapore","2006","SGP","4407064","39.49","598.825","99.753","135878.344","211578605777"
"Singapore","2007","SGP","4596516","41.13","648.487","99.762","141082.234","237920174358"
"Singapore","2008","SGP","4806742","41.67","690.6","99.764","143673.141","252508208683"
"Singapore","2009","SGP","4968574","41.8","742.003","99.777","149339.188","256114472232"
"Singapore","2010","SGP","5077020","45.36","792.033","99.767","156003.531","297586792174"
"Singapore","2011","SGP","5182242","46","824.16","99.769","159035.375","319718127421"
"Singapore","2012","SGP","5293345","46.94","831.272","99.758","157040.891","333899221028"
"Singapore","2013","SGP","5385589","47.97","843.129","99.735","156552.797","349985256634"
"Singapore","2014","SGP","5457899","49.3","860.464","99.723","157654.781","363759075569"
"Singapore","2015","SGP","5525343","50.28","911.619","99.708","164988.625","374587437267"
"Slovakia","1985","SVK","5151164","22.506","239.667","86.62","46526.801","60783825141"
"Slovakia","1986","SVK","5180090","24.168","237.593","84.278","45866.668","63316652136"
"Slovakia","1987","SVK","5205882","23.629","242.957","84.562","46669.75","64851091806"
"Slovakia","1988","SVK","5229678","23.039","244.171","84.888","46689.539","66120769424"
"Slovakia","1989","SVK","5249932","24.07","247.676","84.096","47176.992","66785527300"
"Slovakia","1990","SVK","5266077","25.49","248.354","84.369","47161.055","65119612994"
"Slovakia","1991","SVK","5284876","24.26","222.188","83.556","42042.316","55297380289"
"Slovakia","1992","SVK","5306445","23.24","213.742","83.042","40279.746","51864851101"
"Slovakia","1993","SVK","5326363","24.05","209.976","80.095","39422.043","55439229551"
"Slovakia","1994","SVK","5343230","25.47","206.843","77.067","38711.277","58762730616"
"Slovakia","1995","SVK","5354287","26.43","209.749","78.229","39174.078","63261333115"
"Slovakia","1996","SVK","5362430","25.46","211.202","79.507","39385.582","67378056744"
"Slovakia","1997","SVK","5369781","25.04","207.321","79.582","38608.91","71311497148"
"Slovakia","1998","SVK","5374801","25.73","209.521","79.093","38982.078","74015465370"
"Slovakia","1999","SVK","5378105","28.11","211.293","76.699","39287.695","73695869861"
"Slovakia","2000","SVK","5380001","30.78","218.247","72.908","40566.387","74595099937"
"Slovakia","2001","SVK","5379439","31.82","224.558","72.307","41743.789","76744257548"
"Slovakia","2002","SVK","5377685","32.18","226.427","71.421","42104.883","80059373942"
"Slovakia","2003","SVK","5376197","30.98","219.883","73.196","40899.352","84281952821"
"Slovakia","2004","SVK","5376038","30.46","215.043","73.129","40000.277","88594621302"
"Slovakia","2005","SVK","5376697","31.34","226.267","73.105","42082.98","94444699022"
"Slovakia","2006","SVK","5376847","31.25","220.178","71.769","40949.367","102275719553"
"Slovakia","2007","SVK","5376993","27.85","206.629","73.265","38428.328","113160253049"
"Slovakia","2008","SVK","5379127","28.7","212.209","72.827","39450.379","119380219073"
"Slovakia","2009","SVK","5385074","25.93","192.318","73.216","35713.121","112760232233"
"Slovakia","2010","SVK","5391857","27.46","205.5","73.053","38113.008","118344324253"
"Slovakia","2011","SVK","5398105","28.28","197.691","72.127","36622.363","120554965758"
"Slovakia","2012","SVK","5404877","28.3","189.893","70.437","35133.703","122144694992"
"Slovakia","2013","SVK","5410422","28.5","194.587","69.822","35965.223","122917618179"
"Slovakia","2014","SVK","5415238","27.13","181.12","67.839","33446.344","126232947119"
"Slovakia","2015","SVK","5420278","26.62","182.99","68.929","33760.246","132755573802"
"Slovenia","1990","SVN","1998010","12.44","69.149","69.125","34608.984","36026961823"
"Slovenia","1991","SVN","1999191","12.74","69.272","65.201","34650.098","32795388629"
"Slovenia","1992","SVN","1995862","12.34","64.745","67.855","32439.707","30913203776"
"Slovenia","1993","SVN","1990815","11.95","66.603","70.497","33455.078","31743130038"
"Slovenia","1994","SVN","1988262","12.89","70.871","68.216","35644.629","33346742100"
"Slovenia","1995","SVN","1988098","12.9","74.35","69.641","37397.617","35684022325"
"Slovenia","1996","SVN","1986792","13.05","78.02","70.345","39269.395","36825997171"
"Slovenia","1997","SVN","1984404","13.18","79.771","71.454","40198.957","38526556210"
"Slovenia","1998","SVN","1980071","13.72","79.983","70.246","40394.176","39631442356"
"Slovenia","1999","SVN","1981198","13.26","79.097","69.892","39923.93","41542298475"
"Slovenia","2000","SVN","1986817","13.61","78.465","68.907","39492.625","43078787444"
"Slovenia","2001","SVN","1989684","14.48","82.23","68.948","41328.18","44148368411"
"Slovenia","2002","SVN","1991571","14.6","81.8","69.651","41073.066","45659924240"
"Slovenia","2003","SVN","1992499","13.83","80.237","71.506","40269.707","46758348275"
"Slovenia","2004","SVN","1993548","15.27","85.143","68.775","42709.363","48578174459"
"Slovenia","2005","SVN","1996915","15.11","85.309","69.809","42720.215","50309132737"
"Slovenia","2006","SVN","2003116","15.11","85.831","70.791","42848.508","52944721543"
"Slovenia","2007","SVN","2014159","15.04","85.379","71.226","42389.488","56590130937"
"Slovenia","2008","SVN","2025090","16.41","93.656","69.377","46247.805","57981920900"
"Slovenia","2009","SVN","2035610","16.39","86.411","66.698","42449.91","53266134006"
"Slovenia","2010","SVN","2044611","16.26","86.567","67.53","42338.941","53649775101"
"Slovenia","2011","SVN","2048805","15.92","84.039","67.852","41018.535","53761447942"
"Slovenia","2012","SVN","2053322","15.55","81.659","67.592","39769.223","52342432631"
"Slovenia","2013","SVN","2056452","15.8","80.779","65.529","39280.562","51803647300"
"Slovenia","2014","SVN","2058395","17.15","82.861","58.658","40255.164","53237651266"
"Slovenia","2015","SVN","2059946","14.8","74.716","64.99","36270.613","54414237086"
"South Africa","1985","ZAF","35042097","143.491","914.556","98.195","26098.783","218712388593"
"South Africa","1986","ZAF","36180519","148.241","931.701","96.889","25751.457","218892223218"
"South Africa","1987","ZAF","37326192","152.373","946.451","97.714","25356.217","223307083281"
"South Africa","1988","ZAF","38480647","158.141","1042.3","96.357","27086.332","232506864492"
"South Africa","1989","ZAF","39628574","163.359","995.722","96.13","25126.357","237353627789"
"South Africa","1990","ZAF","40746274","167.226","1029.669","97.447","25270.26","235128506976"
"South Africa","1991","ZAF","41687903","168.316","1022.248","96.975","24521.457","237880804016"
"South Africa","1992","ZAF","42443510","168.09","1027.038","97.283","24197.768","238567245851"
"South Africa","1993","ZAF","43297155","174.706","1025.258","97.994","23679.57","247203444018"
"South Africa","1994","ZAF","44004140","181.69","1069.309","97.2","24300.189","261851802567"
"South Africa","1995","ZAF","44541557","186.655","1117.516","97.057","25089.297","277583803133"
"South Africa","1996","ZAF","45123023","200.092","1139.763","96.79","25259.006","296908021392"
"South Africa","1997","ZAF","45666835","210.362","1165.543","96.445","25522.74","311987478453"
"South Africa","1998","ZAF","46223888","205.374","1145.026","96.247","24771.293","320149741740"
"South Africa","1999","ZAF","46730331","203.012","1183.745","96.763","25331.398","334638442219"
"South Africa","2000","ZAF","47159715","210.66","1185.383","96.562","25135.504","356072104365"
"South Africa","2001","ZAF","47566805","210.09","1191.536","97","25049.746","374889022813"
"South Africa","2002","ZAF","48019414","220.58","1161.125","96.506","24180.324","396137571619"
"South Africa","2003","ZAF","48500351","234.24","1257.958","96.927","25937.09","413710071358"
"South Africa","2004","ZAF","48991420","244.61","1372.773","97.033","28020.674","439265862379"
"South Africa","2005","ZAF","49490041","244.93","1299.322","97.278","26254.201","470188845104"
"South Africa","2006","ZAF","49998271","253.81","1326.061","97.285","26522.131","505574497707"
"South Africa","2007","ZAF","50528575","263.49","1362.193","97.066","26958.873","542976204451"
"South Africa","2008","ZAF","51114595","258.29","1459.697","97.275","28557.336","571660802378"
"South Africa","2009","ZAF","51728518","249.56","1453.214","97.296","28093.094","574768021657"
"South Africa","2010","ZAF","52344047","259.59","1463.989","97.282","27968.58","607601612432"
"South Africa","2011","ZAF","52995212","262.48","1446.214","96.995","27289.521","645388107070"
"South Africa","2012","ZAF","53782570","257.87","1424.104","97.294","26478.908","660853021773"
"South Africa","2013","ZAF","54678789","255.95","1430.569","97.079","26163.137","677278303675"
"South Africa","2014","ZAF","55594840","254.77","1448.045","96.764","26046.393","686853872664"
"South Africa","2015","ZAF","56723536","250.05","1415.416","96.518","24952.885","695933197143"
"South Korea","1985","KOR","41148956","62.667","624.169","91.108","15168.538","361514859257"
"South Korea","1986","KOR","41718508","69.681","700.47","87.5","16790.389","402092236089"
"South Korea","1987","KOR","42322092","80.251","776.487","84.456","18347.094","452221973191"
"South Korea","1988","KOR","42922980","93.109","866.703","86.468","20192.061","506050941429"
"South Korea","1989","KOR","43524765","103.624","942.222","85.109","21647.945","541627559504"
"South Korea","1990","KOR","44081425","118.461","1078.742","85.12","24471.578","594764506000"
"South Korea","1991","KOR","44439146","131.616","1224.935","86.395","27564.314","651871510125"
"South Korea","1992","KOR","44653699","146.439","1376.736","87.934","30831.4","687368661445"
"South Korea","1993","KOR","44887721","161.901","1509.969","88.494","33638.797","729369247675"
"South Korea","1994","KOR","45130842","183.366","1631.894","89.592","36159.184","791073852664"
"South Korea","1995","KOR","45368425","203.546","1780.408","89.04","39243.332","860793752056"
"South Korea","1996","KOR","45638701","225.846","1965.516","89.118","43066.879","919812618896"
"South Korea","1997","KOR","45941541","246.587","2147.098","89.627","46735.441","967604910890"
"South Korea","1998","KOR","46230885","237.197","1964.558","86.662","42494.496","908368091121"
"South Korea","1999","KOR","46500382","262.152","2139.913","86.022","46019.258","1004162502333"
"South Korea","2000","KOR","46766660","290.45","2260.798","86.061","48342.094","1086261690312"
"South Korea","2001","KOR","47043467","309.88","2315.477","86.29","49219.945","1127616204375"
"South Korea","2002","KOR","47299118","332.01","2420.716","86.083","51178.883","1203066586464"
"South Korea","2003","KOR","47514158","347.77","2497.259","85.241","52558.207","1229830453921"
"South Korea","2004","KOR","47697076","368.02","2564.583","85.645","53768.141","1281243847324"
"South Korea","2005","KOR","47851646","389.47","2642.637","84.595","55225.629","1322354601142"
"South Korea","2006","KOR","48006518","402.99","2686.042","84.723","55951.609","1381281470156"
"South Korea","2007","KOR","48178122","425.41","2765.685","85.736","57405.418","1446721509093"
"South Korea","2008","KOR","48356485","442.61","2816.136","85.306","58236.988","1477425172333"
"South Korea","2009","KOR","48546690","452.45","2832.924","85.721","58354.625","1477640571750"
"South Korea","2010","KOR","48769329","495.03","3056.228","86.668","62667","1562822824921"
"South Korea","2011","KOR","49127640","518.16","3208.351","86.725","65306.441","1609219825000"
"South Korea","2012","KOR","49599580","531.21","3242.844","87.203","65380.469","1647889319531"
"South Korea","2013","KOR","50071168","537.16","3242.374","88.022","64755.305","1700045113031"
"South Korea","2014","KOR","50539055","540.38","3269.37","86.53","64689.973","1754480590300"
"South Korea","2015","KOR","50983909","547.8","3320.509","85.947","65128.559","1803763858886"
"Spain","1985","ESP","38601315","126.562","922.283","81.779","23892.525","566345396304"
"Spain","1986","ESP","38735706","128.537","941.692","80.814","24310.701","590018500094"
"Spain","1987","ESP","38852007","132.665","976.362","80.137","25130.277","632708985294"
"Spain","1988","ESP","38952258","138.759","1019.785","76.228","26180.391","674675657635"
"Spain","1989","ESP","39029557","147.055","1068.388","80.075","27373.811","719992436668"
"Spain","1990","ESP","39084975","151.16","1068.755","78.972","27344.383","756125036542"
"Spain","1991","ESP","39201750","154.71","1106.519","78.883","28226.254","786757895205"
"Spain","1992","ESP","39420344","156.65","1159.128","81.81","29404.311","803260934603"
"Spain","1993","ESP","39651627","155.12","1121.501","79.744","28283.867","794221319057"
"Spain","1994","ESP","39858721","160.19","1174.692","79.899","29471.383","820138301435"
"Spain","1995","ESP","40052733","165.07","1219.41","81.665","30445.111","855020227557"
"Spain","1996","ESP","40237375","173.21","1266.568","78.386","31477.406","885027554238"
"Spain","1997","ESP","40423823","189.13","1317.594","80.358","32594.49","925901360531"
"Spain","1998","ESP","40617436","193.39","1377.544","80.483","33915.09","976805803240"
"Spain","1999","ESP","40812855","205.63","1441.673","83.254","35324.004","1031651264612"
"Spain","2000","ESP","41019772","220.92","1525.348","81.999","37185.68","1094998702299"
"Spain","2001","ESP","41245602","233.07","1587.078","80.117","38478.723","1147959133197"
"Spain","2002","ESP","41755703","239.91","1614.626","83.226","38668.391","1191323484900"
"Spain","2003","ESP","42506540","257.3","1694.781","80.767","39871.066","1239651963472"
"Spain","2004","ESP","43234562","276.61","1744.459","82.031","40348.723","1289831715789"
"Spain","2005","ESP","43958883","289.46","1770.33","84.769","40272.402","1348839731490"
"Spain","2006","ESP","44695446","295.59","1783.067","82.989","39893.699","1415738502534"
"Spain","2007","ESP","45516501","301.86","1828.408","83.061","40170.227","1481143208580"
"Spain","2008","ESP","46235055","309.79","1774.594","81.191","38382.004","1510615290401"
"Spain","2009","ESP","46635182","290.72","1652.099","78.628","35426.023","1468765814163"
"Spain","2010","ESP","46840469","297.8","1692.348","73.916","36130.031","1480376411582"
"Spain","2011","ESP","46998040","291.54","1661.356","75.574","35349.469","1477187548437"
"Spain","2012","ESP","47018323","293.95","1647.511","74.366","35039.766","1433478645419"
"Spain","2013","ESP","46860394","281.46","1578.531","71.392","33685.816","1413362053623"
"Spain","2014","ESP","46720187","274.44","1554.219","71.046","33266.539","1433089409797"
"Spain","2015","ESP","46683683","277.17","1573.144","73.693","33697.949","1488098863146"
"Sri Lanka","1985","LKA","15544152","2.465","25.696","73.663","1653.092","56399376464"
"Sri Lanka","1986","LKA","15731253","2.652","27.047","72.35","1719.343","59240607148"
"Sri Lanka","1987","LKA","15916578","2.707","27.813","77.948","1747.434","59820583691"
"Sri Lanka","1988","LKA","16078624","2.798","27.516","73.335","1711.351","61408882828"
"Sri Lanka","1989","LKA","16248560","2.858","26.795","70.407","1649.099","63032211246"
"Sri Lanka","1990","LKA","16352460","3.15","29.887","70.21","1827.675","67098669421"
"Sri Lanka","1991","LKA","16475354","3.377","29.827","70.421","1810.375","73808548639"
"Sri Lanka","1992","LKA","16739297","3.54","31.998","74.41","1911.578","71237383826"
"Sri Lanka","1993","LKA","17025924","3.979","34.901","69.187","2049.865","76317434648"
"Sri Lanka","1994","LKA","17275777","4.387","37.809","69.365","2188.583","82083780545"
"Sri Lanka","1995","LKA","17564065","4.8","40.738","68.597","2319.408","86882842988"
"Sri Lanka","1996","LKA","17905020","4.528","42.855","78.631","2393.455","96972233018"
"Sri Lanka","1997","LKA","18248205","5.144","44.234","78.045","2424.001","106468157343"
"Sri Lanka","1998","LKA","18596006","5.675","47.156","76.59","2535.792","104039873858"
"Sri Lanka","1999","LKA","18944734","6.281","50.719","76.758","2677.223","106224336044"
"Sri Lanka","2000","LKA","19293056","6.78","53.547","83.177","2775.435","114541758869"
"Sri Lanka","2001","LKA","19600361","6.67","52.033","83.248","2654.694","111509565283"
"Sri Lanka","2002","LKA","19805750","6.94","53.509","86.021","2701.697","114770992462"
"Sri Lanka","2003","LKA","19951521","7.63","55.062","83.372","2759.773","121043287225"
"Sri Lanka","2004","LKA","20087608","8.09","53.507","84.784","2663.676","127113013921"
"Sri Lanka","2005","LKA","20216531","8.82","61.786","84.756","3056.231","134388316813"
"Sri Lanka","2006","LKA","20352416","9.44","66.334","81.016","3259.271","144414690368"
"Sri Lanka","2007","LKA","20492546","9.88","67.44","84.203","3290.961","153829219297"
"Sri Lanka","2008","LKA","20629377","9.92","63.576","82.558","3081.809","162474916511"
"Sri Lanka","2009","LKA","20756438","9.89","64.46","83.838","3105.535","167647716585"
"Sri Lanka","2010","LKA","20879092","10.72","69.616","78.206","3334.24","180642805306"
"Sri Lanka","2011","LKA","21009054","11.55","75.579","83.642","3597.448","195461606183"
"Sri Lanka","2012","LKA","21169461","11.8","77.952","88.39","3682.307","212333854625"
"Sri Lanka","2013","LKA","21358829","11.98","79.214","76.36","3708.73","220937614421"
"Sri Lanka","2014","LKA","21547454","12.45","85.891","85.305","3986.135","235029015924"
"Sri Lanka","2015","LKA","21729975","13.21","91.3","81.931","4201.579","244914328998"
"Sweden","1985","SWE","8350249","137.14","691.626","45.874","82826.969","215471750000"
"Sweden","1986","SWE","8369681","138.651","716.907","47.302","85655.281","220206330000"
"Sweden","1987","SWE","8397651","146.571","701.871","42.627","83579.477","226880368000"
"Sweden","1988","SWE","8436358","146.23","685.929","41.213","81306.312","231720048000"
"Sweden","1989","SWE","8492821","143.091","670.826","40.604","78987.438","237234969000"
"Sweden","1990","SWE","8558571","145.98","644.207","36.698","75270.344","240234012000"
"Sweden","1991","SWE","8616955","146.97","642.135","36.947","74519.977","237950140941"
"Sweden","1992","SWE","8667576","145.93","652.992","38.74","75337.344","235756851945"
"Sweden","1993","SWE","8718038","145.26","647.156","38.912","74231.828","231558425903"
"Sweden","1994","SWE","8780190","142.7","649.779","40.984","74005.148","241524284977"
"Sweden","1995","SWE","8826298","148.28","666.649","39.844","75529.906","251741126533"
"Sweden","1996","SWE","8840330","140.61","650.224","43.889","73551.977","256498914326"
"Sweden","1997","SWE","8845525","149.21","673.384","39.797","76127.047","264171121939"
"Sweden","1998","SWE","8850606","158.79","705.514","38.68","79713.688","276040695651"
"Sweden","1999","SWE","8857691","154.84","690.032","38.762","77901.969","289702793085"
"Sweden","2000","SWE","8872099","145.23","651.783","38.229","73464.344","303452362920"
"Sweden","2001","SWE","8896018","161.6","695.756","36.394","78209.859","308398096624"
"Sweden","2002","SWE","8925045","146.7","649.472","39.418","72769.648","317463771012"
"Sweden","2003","SWE","8958434","135.39","609.237","41.848","68007.117","326402407102"
"Sweden","2004","SWE","8993805","151.56","664.597","38.245","73894.945","341901244849"
"Sweden","2005","SWE","9029771","158.36","673.01","36.271","74532.344","354496929423"
"Sweden","2006","SWE","9080628","143.28","630.143","39.05","69394.227","372234670461"
"Sweden","2007","SWE","9148280","148.82","641.107","37.365","70079.531","387881844813"
"Sweden","2008","SWE","9219903","149.9","638.565","36.847","69259.43","388980516356"
"Sweden","2009","SWE","9298738","136.6","579.813","37.095","62353.945","373026350439"
"Sweden","2010","SWE","9378234","148.45","621.735","37.797","66295.578","399838964466"
"Sweden","2011","SWE","9449263","150.28","612.016","35.016","64768.621","397617949429"
"Sweden","2012","SWE","9519477","166.44","645.245","31.323","67781.508","395278763366"
"Sweden","2013","SWE","9600620","153.03","603.543","32.824","62865.043","399973749048"
"Sweden","2014","SWE","9696438","153.56","600.777","32.036","61958.484","410604225974"
"Sweden","2015","SWE","9799483","162","622.062","30.83","63479.047","429037422635"
"Switzerland","1985","CHE","6470959","56.338","323.777","51.874","50035.336","193084794541"
"Switzerland","1986","CHE","6504748","57.41","339.863","53.36","52248.512","203695224871"
"Switzerland","1987","CHE","6545771","59.734","337.861","51.137","51615.18","211297721508"
"Switzerland","1988","CHE","6594145","60.536","340.438","50.725","51627.258","217769048715"
"Switzerland","1989","CHE","6647787","54.611","318.163","52.686","47859.973","225335057176"
"Switzerland","1990","CHE","6713168","56.015","331.625","54.028","49399.234","234154439697"
"Switzerland","1991","CHE","6796942","58.062","340.572","53.875","50106.68","236201938759"
"Switzerland","1992","CHE","6875049","59.518","346.055","53.642","50334.934","239958549277"
"Switzerland","1993","CHE","6938106","61.556","345.474","51.028","49793.703","243429634467"
"Switzerland","1994","CHE","6993594","66.134","362.976","49.936","51901.148","250752168329"
"Switzerland","1995","CHE","7040481","62.863","343.995","49.972","48859.637","257142565611"
"Switzerland","1996","CHE","7071885","57.328","332.291","53.579","46987.613","263448607219"
"Switzerland","1997","CHE","7089161","62.902","355.316","52.038","50121.055","274617021730"
"Switzerland","1998","CHE","7110294","63.288","357.326","52.416","50254.688","287985364256"
"Switzerland","1999","CHE","7144119","68.617","373.426","50.019","52270.391","298226666662"
"Switzerland","2000","CHE","7184003","66.12","364.336","50.038","50714.938","315545366882"
"Switzerland","2001","CHE","7226391","71.05","389.127","49.914","53847.977","325520166982"
"Switzerland","2002","CHE","7278744","65.41","362.244","51.062","49767.43","331802188855"
"Switzerland","2003","CHE","7333451","65.34","358.359","50.92","48866.387","337991874208"
"Switzerland","2004","CHE","7384196","63.87","357.158","52.22","48367.953","353894703206"
"Switzerland","2005","CHE","7431824","57.8","340.782","55.197","45854.402","371135459405"
"Switzerland","2006","CHE","7478514","62.13","350.093","53.257","46813.234","393075108386"
"Switzerland","2007","CHE","7545386","66.43","354.893","50.651","47034.438","416832821635"
"Switzerland","2008","CHE","7641730","67.04","362.542","51.564","47442.336","433739216893"
"Switzerland","2009","CHE","7737644","66.67","355.006","51.043","45880.383","431737407420"
"Switzerland","2010","CHE","7825750","66.05","359.477","52.38","45935.188","451139715920"
"Switzerland","2011","CHE","7914379","62.88","334.923","51.594","42318.344","467103594697"
"Switzerland","2012","CHE","7998927","68.13","354.065","50.472","44264","472611933649"
"Switzerland","2013","CHE","8091199","68.69","359.146","50.996","44387.238","481081829913"
"Switzerland","2014","CHE","8190238","70.08","344.44","47.888","42054.887","492386642888"
"Switzerland","2015","CHE","8283940","66.07","336.322","49.96","40599.23","500484653705"
"Thailand","1985","THA","50270754","23.03","190.292","94.593","3785.338","249623873382"
"Thailand","1986","THA","51177832","24.67","202.471","92.374","3956.224","263410245070"
"Thailand","1987","THA","52074109","28.574","231.109","95.103","4438.084","288520104468"
"Thailand","1988","THA","52969595","32.413","260.108","95.983","4910.51","326878379582"
"Thailand","1989","THA","53848955","37.353","300.998","94.874","5589.666","366691705312"
"Thailand","1990","THA","54738329","44.113","353.898","96.122","6465.264","407627796816"
"Thailand","1991","THA","55637436","50.12","390.453","96.764","7017.81","437871480572"
"Thailand","1992","THA","56528832","57.028","427.205","97.276","7557.287","473484188457"
"Thailand","1993","THA","57408198","63.337","484.76","97.908","8444.095","509703199590"
"Thailand","1994","THA","58260855","71.102","544.837","97.722","9351.679","545365114818"
"Thailand","1995","THA","59098231","79.737","615.065","96.944","10407.508","584005907369"
"Thailand","1996","THA","59920059","86.992","695.961","97.022","11614.824","611290639859"
"Thailand","1997","THA","60724588","92.661","732.639","97.193","12064.948","589240402273"
"Thailand","1998","THA","61522632","89.533","675.039","97.76","10972.201","539314649597"
"Thailand","1999","THA","62299039","90.215","715.286","98.479","11481.495","558464047703"
"Thailand","2000","THA","63007815","95.52","741.691","97.568","11771.415","579217712636"
"Thailand","2001","THA","63651137","100.99","782.208","97.568","12288.995","596448007832"
"Thailand","2002","THA","64266433","108.44","847.941","97.338","13194.149","630177413705"
"Thailand","2003","THA","64868164","115.94","911.69","97.42","14054.511","672602585235"
"Thailand","2004","THA","65452049","124.13","989.731","97.796","15121.47","712165919937"
"Thailand","2005","THA","66017415","130.43","1021.117","97.892","15467.393","739238460898"
"Thailand","2006","THA","66567685","136.78","1042.998","97.276","15668.239","773067090714"
"Thailand","2007","THA","67102388","142.53","1078.653","97.168","16074.729","811667437725"
"Thailand","2008","THA","67619835","145.44","1078.545","97.138","15950.123","822020817321"
"Thailand","2009","THA","68121077","145.9","1108.913","97.02","16278.564","812859746470"
"Thailand","2010","THA","68579443","157.57","1179.445","97.25","17198.229","870109340511"
"Thailand","2011","THA","69007212","153.3","1212.482","96.558","17570.367","873642799890"
"Thailand","2012","THA","69436091","168.96","1292.871","96.219","18619.578","936920832597"
"Thailand","2013","THA","69845112","168.64","1312.864","96.2","18796.785","962095812070"
"Thailand","2014","THA","70216362","173.76","1357.17","95.76","19328.395","971562808709"
"Thailand","2015","THA","70540787","177.83","1377.446","95.798","19526.947","1002011619070"
"Trinidad and Tobago","1985","TTO","1187370","3.023","59.102","99.91","49775.742","19821819000"
"Trinidad and Tobago","1986","TTO","1203132","3.291","61.451","99.868","51076.152","19172168000"
"Trinidad and Tobago","1987","TTO","1217367","3.481","58.014","99.833","47655.117","18288025000"
"Trinidad and Tobago","1988","TTO","1230071","3.485","63.754","99.868","51829.539","17577124000"
"Trinidad and Tobago","1989","TTO","1241606","3.428","62.721","99.87","50516.359","17434560000"
"Trinidad and Tobago","1990","TTO","1252215","3.577","69.6","99.861","55581.473","17710560000"
"Trinidad and Tobago","1991","TTO","1262174","3.72","69.389","99.887","54975.676","17744930735"
"Trinidad and Tobago","1992","TTO","1271681","3.976","73.446","99.872","57755.402","18033685367"
"Trinidad and Tobago","1993","TTO","1280474","3.817","77.418","99.887","60460.055","17565341385"
"Trinidad and Tobago","1994","TTO","1288353","4.069","82.043","99.878","63680.742","17136543834"
"Trinidad and Tobago","1995","TTO","1295167","4.307","88.972","99.884","68695.367","18276117548"
"Trinidad and Tobago","1996","TTO","1300937","4.541","100.801","99.947","77483.578","19382659994"
"Trinidad and Tobago","1997","TTO","1305838","4.988","100.775","99.944","77172.805","20630081772"
"Trinidad and Tobago","1998","TTO","1310226","5.169","102.291","99.945","78071.281","22081300091"
"Trinidad and Tobago","1999","TTO","1314711","5.247","113.689","99.951","86474.562","23618240997"
"Trinidad and Tobago","2000","TTO","1319781","5.46","119.043","99.946","90199.227","24996996038"
"Trinidad and Tobago","2001","TTO","1325573","5.64","126.98","99.926","95792.359","25814786793"
"Trinidad and Tobago","2002","TTO","1332017","5.64","141.287","99.94","106069.664","27665233734"
"Trinidad and Tobago","2003","TTO","1338718","6.44","154.784","99.972","115621.211","31435997895"
"Trinidad and Tobago","2004","TTO","1345386","6.43","169.78","99.954","126194.438","33689560531"
"Trinidad and Tobago","2005","TTO","1352040","7.05","187.231","99.959","138480.672","35495977662"
"Trinidad and Tobago","2006","TTO","1358706","7.17","216.946","99.959","159670.766","39852731106"
"Trinidad and Tobago","2007","TTO","1365381","7.68","221.376","99.969","162135.047","41413662308"
"Trinidad and Tobago","2008","TTO","1372090","7.73","218.087","99.967","158945.203","42494149374"
"Trinidad and Tobago","2009","TTO","1379056","7.84","216.492","99.968","156985.703","40299152132"
"Trinidad and Tobago","2010","TTO","1386657","8.48","233.521","99.995","168405.953","41285434067"
"Trinidad and Tobago","2011","TTO","1394990","8.76","230.54","99.995","165262.562","40819362692"
"Trinidad and Tobago","2012","TTO","1403814","9.12","225.92","99.993","160933.156","42669299120"
"Trinidad and Tobago","2013","TTO","1412658","9.5","228.579","99.993","161807.719","44309506041"
"Trinidad and Tobago","2014","TTO","1421135","9.41","228.834","99.993","161022.281","45781910542"
"Trinidad and Tobago","2015","TTO","1429190","9.57","221.636","99.993","155078.094","45435797433"
"Turkey","1985","TUR","50687118","34.219","386.093","91.281","7617.173","354837207539"
"Turkey","1986","TUR","51777768","39.695","420.703","92.089","8125.164","381728509675"
"Turkey","1987","TUR","52843671","44.353","479.594","89.104","9075.704","417316000921"
"Turkey","1988","TUR","53909628","48.049","527.385","84.56","9782.754","435877005093"
"Turkey","1989","TUR","54976719","52.043","517.613","90.275","9415.124","443256143906"
"Turkey","1990","TUR","56015627","57.54","561.306","88.415","10020.523","486761175773"
"Turkey","1991","TUR","57009892","60.24","573.129","88.862","10053.146","498030901697"
"Turkey","1992","TUR","57990121","67.35","602.786","87.599","10394.637","535075772045"
"Turkey","1993","TUR","58999164","73.81","655.228","85.408","11105.725","586262069548"
"Turkey","1994","TUR","60033832","78.33","634.501","86.429","10569.057","562010879560"
"Turkey","1995","TUR","61024501","86.24","710.107","85.835","11636.42","610881311777"
"Turkey","1996","TUR","61951134","94.85","774.638","85.244","12504.012","662700429389"
"Turkey","1997","TUR","62852968","103.3","810.281","86.083","12891.698","722433616413"
"Turkey","1998","TUR","63734385","111.02","830.685","85.623","13033.552","754598720693"
"Turkey","1999","TUR","64591916","116.44","808.918","87.91","12523.523","725083487631"
"Turkey","2000","TUR","65425957","124.38","863.54","89.904","13198.735","785054993224"
"Turkey","2001","TUR","66245125","122.24","784.469","91.368","11841.918","732284634333"
"Turkey","2002","TUR","67048792","128.46","859.186","89.082","12814.346","796073298321"
"Turkey","2003","TUR","67831735","139.54","909.418","89.266","13406.965","848549642280"
"Turkey","2004","TUR","68592621","149.75","973.841","87","14197.467","931152861082"
"Turkey","2005","TUR","69329557","161.63","996.115","89.193","14367.83","1017383777200"
"Turkey","2006","TUR","70045351","176.25","1105.051","89.126","15776.228","1096826103018"
"Turkey","2007","TUR","70750593","191.52","1173.72","91.674","16589.539","1158406990670"
"Turkey","2008","TUR","71562343","198.37","1176.681","92.216","16442.74","1179868355277"
"Turkey","2009","TUR","72464846","194.81","1192.739","91.528","16459.547","1122756788420"
"Turkey","2010","TUR","73346766","211.18","1253.167","88.29","17085.506","1240496805446"
"Turkey","2011","TUR","74215203","229.39","1337.026","88.608","18015.533","1364782716000"
"Turkey","2012","TUR","75197196","239.49","1421.041","87.969","18897.527","1430132002360"
"Turkey","2013","TUR","76403032","240.15","1412.188","86.967","18483.398","1551491738617"
"Turkey","2014","TUR","78036154","251.95","1454.355","90.499","18636.939","1628131977724"
"Turkey","2015","TUR","80014222","261.77","1589.021","86.327","19859.234","1727192876718"
"Turkmenistan","1985","TKM","3247541","10.987","143.104","99.994","44065.363","20045559320"
"Turkmenistan","1986","TKM","3347813","12.396","178.107","99.995","53201.121","20620067885"
"Turkmenistan","1987","TKM","3452736","13.267","177.183","99.995","51316.758","21125901205"
"Turkmenistan","1988","TKM","3559364","12.891","178.383","99.995","50116.547","23051920018"
"Turkmenistan","1989","TKM","3662464","14.508","183.29","99.995","50045.676","21128380000"
"Turkmenistan","1990","TKM","3760561","14.61","161.008","99.995","42814.887","21201768000"
"Turkmenistan","1991","TKM","3855902","14.953","146.229","99.994","37923.375","20437989542"
"Turkmenistan","1992","TKM","3944689","13.183","138.043","99.992","34994.605","17569987922"
"Turkmenistan","1993","TKM","4032415","12.637","127.299","99.989","31568.975","18037537140"
"Turkmenistan","1994","TKM","4116662","10.52","135.595","99.992","32938.043","15091315379"
"Turkmenistan","1995","TKM","4191207","9.905","104.27","99.989","24878.238","14166397093"
"Turkmenistan","1996","TKM","4263818","10.13","158.043","99.991","37066.004","13366623522"
"Turkmenistan","1997","TKM","4336732","9.498","123.142","99.989","28395.035","11995995999"
"Turkmenistan","1998","TKM","4410511","9.416","140.64","99.988","31887.438","12945785203"
"Turkmenistan","1999","TKM","4492174","8.86","123.281","99.989","27443.494","15251899688"
"Turkmenistan","2000","TKM","4582675","9.85","130.278","99.993","28428.357","18299208667"
"Turkmenistan","2001","TKM","4675416","10.61","151.922","99.994","32493.838","22282743473"
"Turkmenistan","2002","TKM","4769473","10.7","130.345","99.993","27329.037","26092440396"
"Turkmenistan","2003","TKM","4863871","10.8","167.964","99.995","34533","30907677346"
"Turkmenistan","2004","TKM","4958091","11.92","187.145","99.995","37745.398","35857575608"
"Turkmenistan","2005","TKM","5052260","12.82","175.243","99.995","34686","41000508021"
"Turkmenistan","2006","TKM","5147103","13.65","180.042","99.995","34979.223","46019998793"
"Turkmenistan","2007","TKM","5244047","14.88","165.961","99.995","31647.539","51693703669"
"Turkmenistan","2008","TKM","5345033","15.04","154.912","99.995","28982.496","60001295021"
"Turkmenistan","2009","TKM","5451597","15.98","226.639","99.996","41572.953","64409212896"
"Turkmenistan","2010","TKM","5564356","16.66","246.765","99.997","44347.527","71115148352"
"Turkmenistan","2011","TKM","5683413","17.22","266.977","99.996","46974.797","82520290491"
"Turkmenistan","2012","TKM","5808548","17.75","315.572","99.997","54328.891","87581261691"
"Turkmenistan","2013","TKM","5939348","18.87","267.651","99.995","45064.047","87286119372"
"Turkmenistan","2014","TKM","6075286","20.4","283.703","99.994","46697.828","90639646545"
"Turkmenistan","2015","TKM","6215773","22.53","322.248","99.993","51843.594","93346148579"
"Ukraine","1985","UKR","51108771","272","2780.66","93.593","54406.703","478213638082"
"Ukraine","1986","UKR","51318738","272.7","2792.947","94.684","54423.527","480702421500"
"Ukraine","1987","UKR","51515727","281.5","2852.486","94.146","55371.176","494152243875"
"Ukraine","1988","UKR","51724854","297.2","2855.35","91.816","55202.676","499008450843"
"Ukraine","1989","UKR","51917825","295.3","2732.057","92.191","52622.719","519237886703"
"Ukraine","1990","UKR","52054096","300.72","3194.698","92.447","61372.645","495935180914"
"Ukraine","1991","UKR","52170967","280","2994.568","91.927","57399.133","460353469353"
"Ukraine","1992","UKR","52323675","253.94","2530.553","91.019","48363.441","421710473536"
"Ukraine","1993","UKR","52350122","231.36","2218.278","89.164","42373.891","367893677382"
"Ukraine","1994","UKR","52076000","204.18","1895.852","88.098","36405.477","288418666392"
"Ukraine","1995","UKR","51665535","195.46","1849.755","87.876","35802.496","257477945796"
"Ukraine","1996","UKR","51226111","184.22","1724.072","85.736","33656.121","235602711740"
"Ukraine","1997","UKR","50786881","179.14","1662.889","85.026","32742.49","232333254592"
"Ukraine","1998","UKR","50379728","173.33","1604.654","84.178","31851.186","231737294856"
"Ukraine","1999","UKR","49976445","172.58","1580.584","84.751","31626.572","235148309693"
"Ukraine","2000","UKR","49556654","171.84","1585.457","84.408","31992.809","253196030608"
"Ukraine","2001","UKR","49106854","173.3","1562.9","84.343","31826.52","281110336028"
"Ukraine","2002","UKR","48677280","174.03","1553.238","84.477","31908.885","301087057315"
"Ukraine","2003","UKR","48315133","180.58","1591.928","84.418","32948.844","335257370240"
"Ukraine","2004","UKR","47979502","182.44","1585.872","83.042","33053.113","381078098070"
"Ukraine","2005","UKR","47585558","186.39","1605.493","82.984","33739.07","399366244154"
"Ukraine","2006","UKR","47278691","193.61","1624.431","82.945","34358.633","436786761547"
"Ukraine","2007","UKR","47062802","196.25","1617.882","82.988","34377.082","480580682697"
"Ukraine","2008","UKR","46819168","192.58","1562.053","82.74","33363.531","499592169886"
"Ukraine","2009","UKR","46623731","173.61","1330.558","81.153","28538.205","431074416655"
"Ukraine","2010","UKR","46455997","188.82","1426.915","81.179","30715.402","439429783004"
"Ukraine","2011","UKR","46307854","194.95","1474.744","82.09","31846.529","471221167316"
"Ukraine","2012","UKR","46210051","198.88","1442.989","81.805","31226.742","472276721174"
"Ukraine","2013","UKR","46126760","194.37","1369.568","81.5","29691.408","472286166147"
"Ukraine","2014","UKR","45972379","182.82","1208.371","79.088","26284.715","441233307180"
"Ukraine","2015","UKR","45784904","163.68","1003.408","75.914","21915.693","398045419167"
"United Arab Emirates","1985","ARE","1377918","12.185","201.634","100","146332.031","40307256529"
"United Arab Emirates","1986","ARE","1467386","12.815","244.387","100","166545.969","31750852168"
"United Arab Emirates","1987","ARE","1574258","13.658","273.077","100","173464","32884649577"
"United Arab Emirates","1988","ARE","1681797","14.84","301.883","100","179499.984","32803829558"
"United Arab Emirates","1989","ARE","1789858","15.612","340.165","100","190051.359","36287311289"
"United Arab Emirates","1990","ARE","1898220","17.081","344.953","100","181724.297","40641367500"
"United Arab Emirates","1993","ARE","2222098","21.73","423.47","100","190572.297","55149661292"
"United Arab Emirates","1994","ARE","2328191","23.736","464.674","100","199585.922","64654417907"
"United Arab Emirates","1995","ARE","2434667","24.982","484.871","100","199152.906","75243844061"
"United Arab Emirates","1996","ARE","2597570","26.572","499.688","100","192367.453","87750952594"
"United Arab Emirates","1997","ARE","2817410","28.464","521.456","100","185083.609","104923199568"
"United Arab Emirates","1998","ARE","3040432","33.392","534.113","100","175670.047","115962052318"
"United Arab Emirates","1999","ARE","3266011","37.126","538.369","100","164839.906","131410914902"
"United Arab Emirates","2000","ARE","3493583","39.94","535.782","100","153361.734","160530689682"
"United Arab Emirates","2001","ARE","3723596","43.17","541.566","100","145441.672","177271829556"
"United Arab Emirates","2002","ARE","3956829","46.85","591.693","100","149537.203","195394872658"
"United Arab Emirates","2003","ARE","4192465","49.45","631.155","100","150545.172","224547226340"
"United Arab Emirates","2004","ARE","4428964","52.41","675.065","100","152420.609","252047957126"
"United Arab Emirates","2005","ARE","4664797","60.7","704.598","100","151045.812","262413275144"
"United Arab Emirates","2006","ARE","5009106","62.44","741.293","100","147989.078","307378573765"
"United Arab Emirates","2007","ARE","5624640","78.76","818.361","100","145495.719","367816178792"
"United Arab Emirates","2008","ARE","6302669","80.46","938.401","100","148889.391","464692468324"
"United Arab Emirates","2009","ARE","6707063","85.7","925.575","99.998","138000.094","480551549339"
"United Arab Emirates","2010","ARE","6938372","93.95","972.492","99.995","140161.359","490048925162"
"United Arab Emirates","2011","ARE","7199436","99.13","1020.931","99.995","141807.125","551070287560"
"United Arab Emirates","2012","ARE","7497122","106.21","1074.1","99.994","143268.297","577394943300"
"United Arab Emirates","2013","ARE","7831851","109.99","1131.859","99.98","144520.031","606587973942"
"United Arab Emirates","2014","ARE","8236880","116.54","1135.193","99.93","137818.312","631858461256"
"United Arab Emirates","2015","ARE","8674633","127.38","1223.079","99.938","140994.875","674742705535"
"United Kingdom","1985","GBR","56606416","298.089","2390.726","92.428","42234.191","1278428360152"
"United Kingdom","1986","GBR","56751926","301.071","2457.055","92.769","43294.66","1334598557867"
"United Kingdom","1987","GBR","56886021","302.112","2452.936","93.259","43120.188","1398101055156"
"United Kingdom","1988","GBR","57026539","308.825","2485.687","92.348","43588.254","1467801408523"
"United Kingdom","1989","GBR","57182137","314.585","2488.692","91.442","43522.199","1499837502578"
"United Kingdom","1990","GBR","57367867","319.75","2508.393","92.062","43724.711","1505692258761"
"United Kingdom","1991","GBR","57555199","322.88","2561.217","91.756","44500.176","1488075367051"
"United Kingdom","1992","GBR","57719273","321.04","2545.327","90.896","44098.398","1491752084171"
"United Kingdom","1993","GBR","57861037","323.11","2574.725","89.702","44498.426","1527509015289"
"United Kingdom","1994","GBR","58003200","326.56","2543.823","89.551","43856.598","1585373248060"
"United Kingdom","1995","GBR","58154632","337.42","2552.545","89.543","43892.383","1623858039641"
"United Kingdom","1996","GBR","58298563","350.87","2676.295","89.535","45906.703","1663446715470"
"United Kingdom","1997","GBR","58447091","350.67","2629.999","88.819","44997.941","1713864597603"
"United Kingdom","1998","GBR","58626822","362.71","2651.618","88.606","45228.754","1766619867063"
"United Kingdom","1999","GBR","58838663","368.15","2639.219","88.901","44855.188","1823341961805"
"United Kingdom","2000","GBR","59057333","377.06","2664.116","90.022","45110.676","1889565292321"
"United Kingdom","2001","GBR","59288095","384.77","2691.806","89.689","45402.137","1939268312671"
"United Kingdom","2002","GBR","59540764","387.24","2630.84","89.591","44185.527","1983994308619"
"United Kingdom","2003","GBR","59820385","398.21","2668.734","89.729","44612.457","2050625402735"
"United Kingdom","2004","GBR","60169964","393.92","2690.652","90.375","44717.523","2099526641365"
"United Kingdom","2005","GBR","60596107","398.35","2712.682","90.031","44766.613","2161729510824"
"United Kingdom","2006","GBR","61051093","397.27","2678.337","90.403","43870.426","2212618867772"
"United Kingdom","2007","GBR","61535859","396.81","2604.192","91.212","42319.914","2267631534502"
"United Kingdom","2008","GBR","62027303","388.96","2558.816","91.766","41253.062","2252034759561"
"United Kingdom","2009","GBR","62506222","376.76","2422.812","89.504","38761.125","2151479208521"
"United Kingdom","2010","GBR","63006482","382.06","2475.146","90.401","39283.996","2190919919855"
"United Kingdom","2011","GBR","63509285","367.97","2332.188","88.041","36722.008","2223011392593"
"United Kingdom","2012","GBR","63960488","363.87","2375.146","87.462","37134.582","2255210551431"
"United Kingdom","2013","GBR","64389386","358.28","2388.473","85.748","37094.207","2296252599482"
"United Kingdom","2014","GBR","64865914","338.08","2255.708","84.265","34774.93","2369725553442"
"United Kingdom","2015","GBR","65382107","338.87","2279.467","81.576","34863.777","2426435869267"
"United States","1985","USA","241690438","2657.15","20184.246","89.888","83512.805","7874872005718"
"United States","1986","USA","243953807","2676.113","20371.607","89.373","83506","8146027887500"
"United States","1987","USA","246161292","2772.205","21055.266","89.639","85534.43","8432566640312"
"United States","1988","USA","248393236","2914.446","22014.584","89.482","88627.953","8787202692343"
"United States","1989","USA","250675047","3155.45","22546.824","89.005","89944.43","9091291640062"
"United States","1990","USA","253373387","3232.78","22609.195","87.995","89232.719","9250377579093"
"United States","1991","USA","256471424","3270.724","22579.719","87.517","88039.898","9224688313722"
"United States","1992","USA","259606021","3284.39","22913.111","87.992","88261.094","9552658514601"
"United States","1993","USA","262633229","3404.678","23396.387","87.967","89083.875","9814940456277"
"United States","1994","USA","265474811","3458.526","23824.131","88.035","89741.586","10211204686187"
"United States","1995","USA","268205796","3567.331","24343.418","87.328","90763.953","10488856843750"
"United States","1996","USA","270860695","3663.386","25165.373","87.336","92908.914","10886952373500"
"United States","1997","USA","273468014","3716.377","25354.096","87.836","92713.203","11375561318703"
"United States","1998","USA","276119323","3855.808","25513.363","87.76","92399.773","11881792533609"
"United States","1999","USA","278785482","3936.098","25965.076","87.384","93136.398","12438444530000"
"United States","2000","USA","281484126","3802.1","26546.236","87.81","94308.109","12947417795437"
"United States","2001","USA","284279634","3727.57","25918.357","88.059","91172.055","13073810008320"
"United States","2002","USA","287084335","3844.23","26297.27","87.563","91601.203","13307343638671"
"United States","2003","USA","289908091","3868.94","26383.084","87.655","91004.992","13680911930765"
"United States","2004","USA","292786248","3951.95","26899.117","87.665","91872.883","14198910513593"
"United States","2005","USA","295716666","4034.99","26912.564","87.693","91007.938","14673826218839"
"United States","2006","USA","298730208","4046.94","26699.963","87.169","89378.18","15065164240312"
"United States","2007","USA","301844223","4142.57","27066.711","87.409","89671.125","15333183877566"
"United States","2008","USA","304970325","4107.53","26407.25","86.656","86589.57","15288552732632"
"United States","2009","USA","308023452","3939.82","25110.527","85.574","81521.477","14864003344421"
"United States","2010","USA","311062785","4113.94","25953.547","85.799","83435.078","15239586726210"
"United States","2011","USA","314105075","4088.87","25729.088","84.934","81912.359","15477885525000"
"United States","2012","USA","317115349","4040.67","25047.367","84.978","78985.039","15830886903539"
"United States","2013","USA","320110752","4055.61","25728.629","84.818","80374.148","16122472460312"
"United States","2014","USA","323115377","4096.01","25995.914","84.734","80453.969","16491319003554"
"United States","2015","USA","326126496","4083.99","25747.426","84.492","78949.203","16937633974582"
"Uzbekistan","1985","UZB","17875337","47.939","466.061","96.756","26072.84","130801915000"
"Uzbekistan","1986","UZB","18395621","52.171","457.333","97.19","24860.992","129229072000"
"Uzbekistan","1987","UZB","18930068","54.755","476.599","96.044","25176.807","128382920000"
"Uzbekistan","1988","UZB","19460634","50.59","479.795","95.841","24654.627","139357125000"
"Uzbekistan","1989","UZB","19977192","55.874","496.505","96.916","24853.578","142094069000"
"Uzbekistan","1990","UZB","20464963","56.325","519.68","96.438","25393.666","139398700000"
"Uzbekistan","1991","UZB","20962908","54.165","512.175","96.722","24432.426","136577628581"
"Uzbekistan","1992","UZB","21485095","50.911","485.564","96.398","22600.035","119510821474"
"Uzbekistan","1993","UZB","21987960","49.149","506.128","95.951","23018.412","114918068077"
"Uzbekistan","1994","UZB","22463295","47.8","500.608","96.019","22285.578","107242116434"
"Uzbekistan","1995","UZB","22917588","47.453","506.948","96.602","22120.496","104615642206"
"Uzbekistan","1996","UZB","23351981","45.419","522.136","96.521","22359.395","104748209480"
"Uzbekistan","1997","UZB","23758961","46.054","518.003","96.896","21802.441","108486849294"
"Uzbekistan","1998","UZB","24134930","45.9","518.166","96.907","21469.545","111389403957"
"Uzbekistan","1999","UZB","24476013","45.372","581.169","97.275","23744.443","114383428782"
"Uzbekistan","2000","UZB","24787052","46.86","594.814","97.25","23996.973","116875841754"
"Uzbekistan","2001","UZB","25090289","47.96","596.154","97.207","23760.346","119890046302"
"Uzbekistan","2002","UZB","25399987","49.4","611.154","97.222","24061.184","122757832356"
"Uzbekistan","2003","UZB","25711261","48.74","553.156","96.468","21514.145","125924032405"
"Uzbekistan","2004","UZB","26029350","49.7","555.847","96.828","21354.619","133132057133"
"Uzbekistan","2005","UZB","26356977","47.67","561.662","96.702","21309.803","140239285325"
"Uzbekistan","2006","UZB","26699046","49.32","524.789","97.014","19655.74","148405074458"
"Uzbekistan","2007","UZB","27076013","49.02","557.525","96.914","20591.121","159993748436"
"Uzbekistan","2008","UZB","27494780","50.22","523.316","97.785","19033.287","171692630381"
"Uzbekistan","2009","UZB","27939333","50.1","524.191","96.747","18761.748","182715813772"
"Uzbekistan","2010","UZB","28385509","51.97","525.662","95.931","18518.672","195160171269"
"Uzbekistan","2011","UZB","28823194","52.8","549.961","97.3","19080.512","208063390835"
"Uzbekistan","2012","UZB","29261908","53","543.457","96.98","18572.168","222840047403"
"Uzbekistan","2013","UZB","29724065","54.61","545.587","97.055","18355.062","239100684823"
"Uzbekistan","2014","UZB","30222994","55.75","566.169","97.215","18733.039","255536474727"
"Uzbekistan","2015","UZB","30749349","57.41","540.155","97.173","17566.381","273983640646"
"Venezuela","1985","VEN","17461433","47.29","503.773","87.411","28850.604","225556954589"
"Venezuela","1986","VEN","17923542","50.112","541.246","86.979","30197.506","239957152308"
"Venezuela","1987","VEN","18394970","54.132","540.817","83.995","29400.266","248342578628"
"Venezuela","1988","VEN","18871021","58.245","563.324","82.949","29851.281","262960053070"
"Venezuela","1989","VEN","19348925","57.62","568.061","82.861","29358.807","240346713867"
"Venezuela","1990","VEN","19827005","59.321","603.555","82.79","30441.045","256078525417"
"Venezuela","1991","VEN","20304898","63.337","607.641","79.367","29925.848","282132286314"
"Venezuela","1992","VEN","20780946","67.44","657.615","79.772","31645.076","301055402293"
"Venezuela","1993","VEN","21254525","69.382","650.657","79.462","30612.648","303263920492"
"Venezuela","1994","VEN","21725186","71.221","706.328","79.566","32511.959","297728620446"
"Venezuela","1995","VEN","22193822","73.446","727.397","80.1","32774.762","310657285215"
"Venezuela","1996","VEN","22662117","75.588","708.863","78.608","31279.631","311633007305"
"Venezuela","1997","VEN","23131691","78.066","749.356","78.477","32395.189","332907949755"
"Venezuela","1998","VEN","23601341","80.904","751.757","78.298","31852.307","335631906948"
"Venezuela","1999","VEN","24066595","80.585","731.854","76.653","30409.537","316971287567"
"Venezuela","2000","VEN","24526707","85.27","772.012","77.038","31476.391","330236189305"
"Venezuela","2001","VEN","24979934","90.11","817.002","79.295","32706.316","343312598582"
"Venezuela","2002","VEN","25435674","91.85","815.842","79.743","32074.699","314003719638"
"Venezuela","2003","VEN","25892710","91.95","734.015","77.2","28348.32","291333920302"
"Venezuela","2004","VEN","26340843","98.55","816.964","76.407","31015.098","346317458927"
"Venezuela","2005","VEN","26785797","105.39","849.186","75.202","31702.852","383570387195"
"Venezuela","2006","VEN","27224691","110.42","933.967","76.339","34305.898","423878563812"
"Venezuela","2007","VEN","27649369","114.21","975.662","77.037","35286.969","462276737389"
"Venezuela","2008","VEN","28053694","119.3","1000.321","76.783","35657.379","488287068325"
"Venezuela","2009","VEN","28438296","119.57","1010.782","77.388","35542.992","474358611901"
"Venezuela","2010","VEN","28813101","113.76","957.009","78.849","33214.375","477591738082"
"Venezuela","2011","VEN","29185220","117.96","1009.919","78.369","34603.77","502688619769"
"Venezuela","2012","VEN","29553829","128.31","1054.928","79.772","35695.152","530969916373"
"Venezuela","2013","VEN","29912195","135.13","1037.009","79.608","34668.449","538100828642"
"Venezuela","2014","VEN","30254080","115.23","1013.238","79.499","33490.961","517147151484"
"Venezuela","2015","VEN","30573968","127.52","969.301","80.194","31703.463","484975458402"
"Vietnam","1985","VNM","59060622","5.069","61.651","93.316","1043.855","88396900683"
"Vietnam","1986","VNM","60347044","5.527","66.832","94.13","1107.463","90992379667"
"Vietnam","1987","VNM","61584645","6.051","75.248","94.874","1221.87","94239738281"
"Vietnam","1988","VNM","62843234","6.785","75.216","93.357","1196.885","99912856953"
"Vietnam","1989","VNM","64147354","7.784","71.687","84.984","1117.536","104599153187"
"Vietnam","1990","VNM","65504551","8.681","77.128","80.419","1177.445","109939936906"
"Vietnam","1991","VNM","66891778","9.21","78.514","77.324","1173.749","115933551072"
"Vietnam","1992","VNM","68260336","9.705","85.793","76.239","1256.847","125543633553"
"Vietnam","1993","VNM","69586394","10.662","97.972","77.083","1407.925","135210628764"
"Vietnam","1994","VNM","70854393","12.288","109.445","76.18","1544.651","146640889667"
"Vietnam","1995","VNM","72049945","14.648","127.153","76.533","1764.786","160152275679"
"Vietnam","1996","VNM","73156456","16.944","145.773","76.775","1992.616","174450838100"
"Vietnam","1997","VNM","74226890","19.132","167.918","80.474","2262.23","188059193812"
"Vietnam","1998","VNM","75299665","21.688","181.61","82.842","2411.832","198278284704"
"Vietnam","1999","VNM","76287454","23.559","188.049","79.383","2465.005","207067165620"
"Vietnam","2000","VNM","77154016","26.56","214.149","80.893","2775.604","220383060780"
"Vietnam","2001","VNM","77969357","30.61","242.045","78.939","3104.359","234846323475"
"Vietnam","2002","VNM","78772227","35.8","264.755","80.934","3361.023","250683369279"
"Vietnam","2003","VNM","79563778","40.93","285.329","81.655","3586.163","268202912195"
"Vietnam","2004","VNM","80338977","46.2","347.775","85.992","4328.84","288148996981"
"Vietnam","2005","VNM","81088309","52.08","369.791","87.842","4560.353","308988652738"
"Vietnam","2006","VNM","82167901","57.9","338.968","84.234","4125.312","329425429734"
"Vietnam","2007","VNM","83633374","64.16","370.274","83.651","4427.346","351786434406"
"Vietnam","2008","VNM","85175789","70.95","457.209","84.818","5367.823","370681828207"
"Vietnam","2009","VNM","86460023","80.64","467.725","82.946","5409.73","389670892896"
"Vietnam","2010","VNM","87455148","91.72","540.225","86.069","6177.169","413666257649"
"Vietnam","2011","VNM","88468315","101.51","597.142","81.921","6749.783","438354712953"
"Vietnam","2012","VNM","89510355","115.16","621.038","77.512","6938.164","462486159336"
"Vietnam","2013","VNM","90573103","124.46","656.124","77.065","7244.138","488172621311"
"Vietnam","2014","VNM","91679582","141.25","723.781","77.779","7894.68","519523061605"
"Vietnam","2015","VNM","92823254","161.93","810.48","82.203","8731.432","555822142751"
